:020000040800F2
:10000000180D00200D020008E93E00087B390008A9
:10001000E53E00081D0D0008916600080000000084
:100020000000000000000000000000002F5C00083D
:10003000C123000800000000B5430008415D00082E
:10004000270200085D430008270200082702000875
:10005000270200082702000827020008C52300081D
:1000600027020008270200082702000827020008CC
:1000700027020008270200082702000827020008BC
:1000800027020008270200082702000827020008AC
:10009000270200082702000827020008270200089C
:1000A000270200082702000827020008270200088C
:1000B00027020008270200082D5E0008270200081A
:1000C000270200082702000827020008270200086C
:1000D00027020008556400082702000827020008CC
:1000E000270200082702000827020008270200084C
:1000F000270200082702000827020008270200083C
:10010000270200082702000827020008270200082B
:10011000270200082702000827020008270200081B
:10012000270200082702000827020008270200080B
:1001300000F002F800F05AF80AA090E8000C82449F
:100140008344AAF10107DA4501D100F04FF8AFF27C
:10015000090EBAE80F0013F0010F18BFFB1A43F0A5
:10016000010318471CB600003CB600000A444FF0DB
:10017000000C10F8013B13F0070408BF10F8014B06
:100180001D1108BF10F8015B641E05D010F8016B4B
:10019000641E01F8016BF9D113F0080F1EBF10F8AF
:1001A000014BAD1C0C1B09D16D1E58BF01F801CBD2
:1001B000FAD505E014F8016B01F8016B6D1EF9D555
:1001C0009142D6D37047000000230024002500266A
:1001D000103A28BF78C1FBD8520728BF30C148BFAA
:1001E0000B6070471FB51FBD10B510BD00F032F990
:1001F0001146FFF7F7FF07F051FC00F050F903B488
:10020000FFF7F2FF03BC07F08BFB000009488047B3
:1002100009480047FEE7FEE7FEE7FEE7FEE7FEE7E8
:10022000FEE7FEE7FEE7FEE704480549054A064B00
:1002300070470000455D00083101000818070020E4
:10024000180D00201809002018090020704710B56B
:100250004C1084EA530404D54042C1F1000138BF78
:10026000491E1B4204D55242C3F1000338BF5B1E36
:1002700000F03FF814F0804F04D04042C1F100017B
:1002800038BF491E14F0004F04D05242C3F100039E
:1002900038BF5B1E10BD02F0FF0343EA032242EAAF
:1002A000024200F002B84FF000020429C0F01280B0
:1002B00010F0030C00F0A180CCF1040CBCF1020F93
:1002C00018BF00F8012BA8BF20F8022BA1EB0C01EE
:1002D00000F093B85FEAC17C24BF00F8012B00F85E
:1002E000012B48BF00F8012B7047704770477047DB
:1002F000704753EA020C00F069802DE9F04B4FF093
:100300000006002B1FBFB3FA83F503FA05F424FAA5
:1003100005F65E4012BF1643B2FA82F502FA05F402
:10032000C5F120051EBF22FA05FC44EA0C04203565
:1003300056EA044C4FEA144418BF641C4FF00008FE
:100340004FF00009904271EB030C39D3002919BF1B
:10035000B1FA81F701FA07F6B0FA80F700FA07F66A
:10036000C7F120071EBF20FA07FC46EA0C0620371B
:10037000B6FBF4FCA7EB0507103F07F01F0BCBF112
:1003800020060CFA0BFB2CFA06F644BFB3460026F7
:10039000202FA4BF5E464FF0000B5BEA060C08BF9F
:1003A0004FF0010B19EB0B09ABFB027C48EB060885
:1003B000C01B06FB02CC0BFB03CC71EB0C01C1E7AD
:1003C0000B46024641464846BDE8F08B13B54FF058
:1003D00000004FF00001AFF30080BDE81C40704703
:1003E00010B500F02FF8006810BD10B5044600F0FD
:1003F00029F8046010BD4FF0000200B51346944682
:100400009646203922BFA0E80C50A0E80C50B1F16C
:100410002001BFF4F7AF090728BFA0E80C5048BF80
:100420000CC05DF804EB890028BF40F8042B08BF1E
:10043000704748BF20F8022B11F0804F18BF00F81A
:10044000012B704700487047B406002000487047F1
:10045000B40600207546FFF7F9FFAE460500694671
:10046000534620F00700854618B020B5FFF7DCFEA4
:10047000BDE820404FF000064FF000074FF00008A5
:100480004FF0000B21F00701AC46ACE8C009ACE826
:10049000C009ACE8C009ACE8C0098D467047044605
:1004A000AFF300802046FFF7AAFE00001CB503F062
:1004B0008DFA0020FE490860022007F0A3FA04220A
:1004C0006946900100F046FA9DF80000382801D0F6
:1004D000012000E000209DF80110362901D0012103
:1004E00000E0002108439DF802104F2901D00121AE
:1004F00000E0002108439DF803104B2901D00121A1
:1005000000E00021084300287DD038208DF800004D
:1005100036208DF801004F208DF802004B208DF819
:10052000030004226946900100F04CFA30208DF857
:1005300000008DF801008DF80200032269464FF497
:10054000847000F03FFA30208DF800008DF8010033
:100550002E208DF8020030208DF803008DF8040065
:100560008DF80500062269464FF4887000F02AFADB
:10057000062269464FF4B87000F024FA30208DF856
:1005800001002E208DF80200052269464FF48C7080
:1005900000F018FA052269464FF4BC7000F012FA18
:1005A00031208DF800002E208DF8010030208DF8CC
:1005B00002008DF803008DF804008DF805008DF819
:1005C0000600052269464FF4907000F0FBF9052201
:1005D00069464FF4C07000F0F5F9052269464FF402
:1005E000947000F0EFF9052269464FF4987000F01E
:1005F000E9F9052269464FF49C7000F0E3F9052201
:100600006946900100E046E100F0DCF90522694608
:100610004FF4A47000F0D6F9052269464FF4A87093
:1006200000F0D0F9052269464FF4AC7000F0CAF929
:10063000052269464FF4B07000F0C4F905226946FE
:100640004FF4B47000F0BEF9052269464FF4C4704F
:1006500000F0B8F9052269464FF4C87000F0B2F90D
:10066000052269464FF4CC7000F0ACF905226946CA
:100670004FF4D07000F0A6F9052269464FF4D4700B
:1006800000F0A0F9052269464FF4D87000F09AF9FD
:10069000052269464FF4DC7000F094F905226946A2
:1006A0004FF4E07000F08EF9052269464FF4E470D3
:1006B00000F088F92D208DF8000030208DF8010021
:1006C0008DF8020038208DF8030030208DF80400EA
:1006D00005226946502000F075F920208DF80000B1
:1006E00030208DF801008DF802002E208DF80300D7
:1006F00030208DF8040005226946582000F062F988
:1007000020208DF8000030208DF8010031208DF878
:1007100002002E208DF8030030208DF804008DF8A3
:1007200005008DF806008DF8070006226946602056
:1007300000F048F908226946682000F043F90622D3
:100740006946702000F03EF906226946782000F0E4
:1007500039F930208DF8000033208DF80100342065
:100760008DF8020039208DF8030030208DF8040048
:100770008DF805008DF806008DF8070008226946FF
:10078000802000F01FF930208DF800008DF8010066
:100790008DF8020038208DF8030030208DF8040019
:1007A0008DF805008DF806008DF8070008226946CF
:1007B000882000F007F920208DF8000030208DF807
:1007C00001008DF802008DF803008DF804008DF80B
:1007D00005008DF806008DF8070008226946902074
:1007E00000F0F0F832208DF8000030208DF8010084
:1007F0008DF802008DF803002E208DF804003020C3
:100800008DF805008DF80600062269464FF4E87061
:1008100000F0D8F8062269464FF4EC7000F0D2F8E8
:1008200030208DF800008DF801008DF802008DF861
:1008300003008DF804008DF805002E208DF80600C9
:1008400030208DF80700082269464FF4F07000F060
:10085000B9F808226946900100F0B4F830208DF80C
:1008600000008DF801008DF802008DF803008DF86E
:1008700004008DF805008DF806008DF807000822A9
:1008800069464FF4F87000F09DF8082269464FF46D
:10089000027000F097F8022007F0B4F801226946D0
:1008A000752000F057F89DF800000249087003E039
:1008B000948121426C000020032269464FF4847029
:1008C00000F048F89DF800003038642148439DF856
:1008D0000110303901EB810100EB41019DF802006C
:1008E000303808441549086008460068FF2801D9D7
:1008F000FF20086011480068114908440F4908604A
:100900004FF4F8726946042000F094F80D4908602D
:1009100008460068000108600846008800F502707B
:1009200082B20949082000F085F80849086000F003
:10093000AFF80120064908601CBD0000BC00002083
:100940000004941104020020F8010020000200209D
:10095000948121422DE9F04104460E46154603F0EC
:10096000D1F8A02003F09EF803F026F9201203F03E
:1009700099F803F021F92746E11704EB11610912F8
:10098000A4EB0121C8B203F08DF803F015F903F0D0
:10099000B9F8A12003F086F802F0F2FF09E0691E21
:1009A000C8B203F053F83070681E85B2601C84B280
:1009B000761C002DF3D103F0D3F80A2007F022F8BB
:1009C000BDE8F0812DE9F04104460D4616460020B1
:1009D0001749086003F096F8A02003F063F803F0CD
:1009E000EBF8201203F05EF803F0E6F82746E11773
:1009F00004EB11610912A4EB0121C8B203F052F813
:100A000003F0DAF807E0287803F04CF803F0D4F8A4
:100A1000701E86B26D1C002EF5D103F0A1F80120E6
:100A2000034908600A2006F0EDFFBDE8F0810000F0
:100A3000948121422DE9F04704460D4617464FF0B8
:100A4000000900264FF00108224629463846FFF7E4
:100A500081FF13E0601E285C3A280DDC601E285CD4
:100A6000302809DB601E285C303800FB08F908EBF1
:100A700088004FEA40084E44601EC4B2002CE9DCF6
:100A800028782D2801D1F043461C3046BDE8F08778
:100A90001CB5902269460820FFF7CCFF8C490860FE
:100AA000802269460820FFF7C5FF8A49086088222E
:100AB00069460820FFF7BEFF87490860682269463B
:100AC0000520FFF7B7FF00B284490880602269461D
:100AD0000520FFF7AFFF00B2814908805822694620
:100AE0000520FFF7A7FF00B27E4908805022694623
:100AF0000520FFF79FFF00B27B4908804FF4887202
:100B000069460620FFF796FF784908804FF48C72FB
:100B100069460520FFF78EFF754908804FF4E8729B
:100B200069460620FFF786FF00EB80004000714910
:100B300008604FF4907269460520FFF77BFF6E490D
:100B400008804FF4947269460520FFF773FF6A49E5
:100B500048804FF4987269460520FFF76BFF66499D
:100B600088804FF49C7269460520FFF763FF624955
:100B7000C8804FF4A07269460520FFF75BFF5E490D
:100B800008814FF4A47269460520FFF753FF5A49C4
:100B900048814FF4A87269460520FFF74BFF56497C
:100BA00088814FF4AC7269460520FFF743FF524934
:100BB000C8814FF4B07269460520FFF73BFF4E49EC
:100BC00008824FF4B47269460520FFF733FF4A49A3
:100BD00048824FF4B87269460620FFF72BFF474959
:100BE00008804FF4BC7269460520FFF723FF444993
:100BF00008804FF4EC7269460620FFF71BFF00EBFC
:100C0000800040003F4908604FF4C07269460520EB
:100C1000FFF710FF3C4908804FF4C4726946052075
:100C2000FFF708FF384948804FF4C872694605202D
:100C3000FFF700FF344988804FF4CC7269460520E5
:100C4000FFF7F8FE3049C8804FF4D072694605209E
:100C5000FFF7F0FE2C4908814FF4D4726946052055
:100C6000FFF7E8FE284948814FF4D872694605200D
:100C7000FFF7E0FE244988814FF4DC7269460520C5
:100C8000FFF7D8FE2049C8814FF4E072694605207D
:100C9000FFF7D0FE1C4908824FF4E4726946052034
:100CA000FFF7C8FE184948821848008800F5007010
:100CB00082B217490820FFF7BDFE164908606F226F
:100CC00069460120FFF7B6FE134908701CBD0000FD
:100CD000940000208C000020900000208000002064
:100CE0007E0000207C0000207A000020720000209E
:100CF00076000020840000203C02002074000020C8
:100D0000780000208800002050020020040200200B
:100D10002B000020580000206C00002000BFFEE7E0
:100D20001FB501F0E1F8062202A94FF4E870FFF7C1
:100D300011FE5A208DF8000053208DF801009DF817
:100D400008008DF802009DF809008DF803009DF859
:100D50000A008DF804009DF80B008DF805009DF841
:100D60000C008DF806009DF80D008DF80700082294
:100D70006946FE48006801F0EFFA322006F042FEB4
:100D8000062202A94FF4EC70FFF7E4FD46208DF82F
:100D9000000053208DF801009DF808008DF8020036
:100DA0009DF809008DF803009DF80A008DF80400F5
:100DB0009DF80B008DF805009DF80C008DF80600DD
:100DC0009DF80D008DF8070008226946E748006885
:100DD00001F0C2FA322006F015FE052202A94FF4F6
:100DE0008870FFF7B7FD5A208DF800004C208DF871
:100DF00001009DF808008DF802009DF809008DF8AB
:100E000003009DF80A008DF804009DF80B008DF892
:100E100005009DF80C008DF8060020208DF80700D5
:100E200008226946D148006801F096FA322006F09F
:100E3000E9FD052202A94FF4B870FFF78BFD4620AB
:100E40008DF800004C208DF801009DF808008DF809
:100E500002009DF809008DF803009DF80A008DF846
:100E600004009DF80B008DF805009DF80C008DF82E
:100E7000060020208DF8070008226946BB4800685C
:100E800001F06AFA322006F0BDFD052202A94FF4F6
:100E90008C70FFF75FFD5A208DF8000051208DF80F
:100EA00001009DF808008DF802009DF809008DF8FA
:100EB00003009DF80A008DF804009DF80B008DF8E2
:100EC00005009DF80C008DF8060008226946A74829
:100ED000006801F041FA322006F094FD062202A9D2
:100EE0004FF4BC70FFF736FD46208DF8000051200E
:100EF0008DF801009DF808008DF802009DF80900AA
:100F00008DF803009DF80A008DF804009DF80B0091
:100F10008DF805009DF80C008DF806000822694642
:100F20009248006801F018FA322006F06BFD0522A5
:100F300002A94FF49070FFF70DFD5A208DF80000C4
:100F400030208DF801009DF808008DF802009DF812
:100F500009008DF803009DF80A008DF804009DF843
:100F60000B008DF805009DF80C008DF80600082296
:100F700069467E48006801F0EFF9322006F042FD34
:100F8000052202A94FF4C070FFF7E4FC46208DF85B
:100F9000000030208DF801009DF808008DF8020057
:100FA0009DF809008DF803009DF80A008DF80400F3
:100FB0009DF80B008DF805009DF80C008DF80600DB
:100FC000082269466948006801F0C6F9322006F037
:100FD00019FD052202A94FF49470FFF7BBFC5A20BB
:100FE0008DF8000031208DF801009DF808008DF883
:100FF00002009DF809008DF803009DF80A008DF8A5
:1010000004009DF80B008DF805009DF80C008DF88C
:101010000600082269465548006801F09DF9322013
:1010200006F0F0FC052202A94FF4C470FFF792FC11
:1010300046208DF8000031208DF801009DF8080051
:101040008DF802009DF809008DF803009DF80A0054
:101050008DF804009DF80B008DF805009DF80C003C
:101060008DF80600082269464048006801F074F9CE
:10107000322006F0C7FC052202A94FF49870FFF752
:1010800069FC5A208DF8000032208DF801009DF88F
:1010900008008DF802009DF809008DF803009DF806
:1010A0000A008DF804009DF80B008DF805009DF8EE
:1010B0000C008DF80600082269462C48006801F0F3
:1010C0004BF9322006F09EFC052202A94FF4C870AD
:1010D000FFF740FC46208DF8000032208DF801001B
:1010E0009DF808008DF802009DF809008DF80300B6
:1010F0009DF80A008DF804009DF80B008DF805009E
:101100009DF80C008DF80600082269461748006813
:1011100001F022F9322006F075FC052202A94FF4F5
:101120009C70FFF717FC5A208DF8000033208DF8D3
:1011300001009DF808008DF802009DF809008DF867
:1011400003009DF80A008DF804009DF80B008DF84F
:1011500005009DF80C008DF806000822694603483A
:10116000006801F0F9F8322002E00000BC00002025
:1011700006F048FC052202A94FF4CC70FFF7EAFB09
:1011800046208DF8000033208DF801009DF80800FE
:101190008DF802009DF809008DF803009DF80A0003
:1011A0008DF804009DF80B008DF805009DF80C00EB
:1011B0008DF8060008226946FE48006801F0CCF868
:1011C000322006F01FFC052202A99001FFF7C2FBA6
:1011D0005A208DF8000034208DF801009DF8080099
:1011E0008DF802009DF809008DF803009DF80A00B3
:1011F0008DF804009DF80B008DF805009DF80C009B
:101200008DF8060008226946EA48006801F0A4F853
:10121000322006F0F7FB052202A94FF4D070FFF749
:1012200099FB46208DF8000034208DF801009DF8D0
:1012300008008DF802009DF809008DF803009DF864
:101240000A008DF804009DF80B008DF805009DF84C
:101250000C008DF8060008226946D648006801F0A7
:101260007BF8322006F0CEFB052202A94FF4A470D1
:10127000FFF770FB5A208DF8000035208DF8010033
:101280009DF808008DF802009DF809008DF8030014
:101290009DF80A008DF804009DF80B008DF80500FC
:1012A0009DF80C008DF8060008226946C1480068C8
:1012B00001F052F8322006F0A5FB052202A94FF4F6
:1012C000D470FFF747FB46208DF8000035208DF8DD
:1012D00001009DF808008DF802009DF809008DF8C6
:1012E00003009DF80A008DF804009DF80B008DF8AE
:1012F00005009DF80C008DF8060008226946AD48EF
:10130000006801F029F8322006F07CFB052202A9D2
:101310004FF4A870FFF71EFB5A208DF8000036200E
:101320008DF801009DF808008DF802009DF8090075
:101330008DF803009DF80A008DF804009DF80B005D
:101340008DF805009DF80C008DF80600082269460E
:101350009848006801F000F8322006F053FB05229F
:1013600002A94FF4D870FFF7F5FA46208DF8000077
:1013700036208DF801009DF808008DF802009DF8D8
:1013800009008DF803009DF80A008DF804009DF80F
:101390000B008DF805009DF80C008DF80600082262
:1013A00069468448006800F0D7FF322006F02AFB27
:1013B000052202A94FF4AC70FFF7CCFA5A208DF841
:1013C000000037208DF801009DF808008DF802001C
:1013D0009DF809008DF803009DF80A008DF80400BF
:1013E0009DF80B008DF805009DF80C008DF80600A7
:1013F000082269466F48006800F0AEFF322006F010
:1014000001FB052202A94FF4DC70FFF7A3FA462086
:101410008DF8000037208DF801009DF808008DF848
:1014200002009DF809008DF803009DF80A008DF870
:1014300004009DF80B008DF805009DF80C008DF858
:101440000600082269465B48006800F085FF3220EC
:1014500006F0D8FA052202A94FF4B070FFF77AFA25
:101460005A208DF8000038208DF801009DF8080002
:101470008DF802009DF809008DF803009DF80A0020
:101480008DF804009DF80B008DF805009DF80C0008
:101490008DF80600082269464648006800F05CFFA7
:1014A000322006F0AFFA082202A94FF4E070FFF7ED
:1014B00051FA46208DF8000038208DF801009DF883
:1014C00008008DF802009DF809008DF803009DF8D2
:1014D0000A008DF804009DF80B008DF805009DF8BA
:1014E0000C008DF80600082269463248006800F0BA
:1014F00033FF322006F086FA052202A94FF4B470B9
:10150000FFF728FA5A208DF8000039208DF80100E5
:101510009DF808008DF802009DF809008DF8030081
:101520009DF80A008DF804009DF80B008DF8050069
:101530009DF80C008DF80600082269461D480068D9
:1015400000F00AFF322006F05DFA052202A94FF4EE
:10155000E470FFF7FFF946208DF8000039208DF880
:1015600001009DF808008DF802009DF809008DF833
:1015700003009DF80A008DF804009DF80B008DF81B
:1015800005009DF80C008DF8060008226946094800
:10159000006800F0E1FE322006F034FA042202A9CD
:1015A0005020FFF7D7F957208DF800004B208DF819
:1015B000010001E0BC0000209DF808008DF8020049
:1015C0002E208DF803009DF80A008DF804009DF888
:1015D0000B008DF805009DF80C008DF806003020FA
:1015E0008DF8070020208DF80700082269466E4814
:1015F000006800F0B1FE322006F004FA062202A9CB
:101600005820FFF7A7F957208DF8000042208DF8E9
:1016100001009DF808008DF802002E208DF80500CD
:101620009DF809008DF803009DF80A008DF804006C
:101630009DF80C008DF806009DF80D008DF8070050
:10164000082269465848006800F086FE322006F0FD
:10165000D9F9062202A96020FFF77CF95A208DF8FB
:10166000000057208DF801009DF808008DF8020059
:101670002E208DF806009DF809008DF803009DF8D6
:101680000A008DF804009DF80B008DF805009DF808
:101690000D008DF80700082269464348006800F0F5
:1016A0005BFE322006F0AEF9062202A96820FFF7A1
:1016B00051F946208DF8000057208DF801009DF863
:1016C00008008DF802002E208DF806009DF8090014
:1016D0008DF803009DF80A008DF804009DF80B00BA
:1016E0008DF805009DF80D008DF807000822694669
:1016F0002D48006800F030FE322006F083F9062203
:1017000002A97020FFF726F95A208DF800004A2020
:101710008DF801009DF808008DF802002E208DF84C
:1017200006009DF809008DF803009DF80A008DF869
:1017300004009DF80B008DF805009DF80D008DF854
:101740000700082269461848006800F005FE3220AC
:1017500006F058F9062202A97820FFF7FBF8462088
:101760008DF800004A208DF801009DF808008DF8E2
:1017700002002E208DF806009DF809008DF8030068
:101780009DF80A008DF804009DF80B008DF8050007
:101790009DF80D008DF80700082269460248006890
:1017A00000F0DAFD1FBD0000BC00002010B50021D4
:1017B000837A012202FA03F13D4A126842F00102E3
:1017C0003B4B1A603A4A1C3212688A43384B1C332E
:1017D0001A60027BCAB9364A0C3212688A43344B0B
:1017E0000C331A604288C38842EA0343304A4032CD
:1017F000847A42F834300288838842EA03432C4AD0
:101800004032847A02EBC4025360027B012A19D170
:10181000274A0C3212680A43254B0C331A6042885F
:10182000038842EA0343224A4032847A42F8343041
:10183000C288838842EA03431D4A4032847A02EB1D
:10184000C4025360C27A3AB9194A121D12688A4317
:10185000174B1B1D1A6006E0154A121D12680A4339
:10186000134B1B1D1A60028932B9114A14321268D7
:101870008A430F4B14331A600289012A06D10C4A9D
:10188000143212680A430A4B14331A60427B012A4D
:1018900006D1074A1C3212680A43054B1C331A60F2
:1018A000034A126822F00102014B1A6010BD0000C9
:1018B0000066004030B5024600200023146824F082
:1018C00002041460146844F00104146000E05B1C1E
:1018D000546804F001041CB94FF6FF74A342F6D11A
:1018E000546804F001040CB900206CE08C79012CE0
:1018F00004D1146844F08004146003E0146824F0F8
:1019000080041460CC79012C04D1146844F04004A4
:10191000146003E0146824F0400414600C7A012C75
:1019200004D1146844F02004146003E0146824F027
:10193000200414604C7A012C04D1146844F0100483
:10194000146003E0146824F0100414608C7A012CF5
:1019500004D1146844F00804146003E0146824F00F
:1019600008041460CC7A012C04D1146844F00404F7
:10197000146003E0146824F0040414608C78A40755
:10198000CD7844EA05640D7944EA05444D7944EA8A
:1019900005540D886D1E2C43D461146824F0010495
:1019A0001460002300E05B1C546804F001041CB1C7
:1019B0004FF6FF74A342F6D1546804F001040CB151
:1019C000002000E0012030BD0246002019B9D36894
:1019D00003F0030006E0012903D1136903F00300BB
:1019E00000E00020704700002DE9F04188B0044677
:1019F0000D4616461F46DDF838800121042002F00E
:101A00006BFD0121480602F057FD4FF48050ADF800
:101A10001C0003208DF81E0018208DF81F0007A958
:101A20002F4801F005FA4FF40060ADF81C00482083
:101A30008DF81F0007A92A4801F0FAF900208DF857
:101A4000160001208DF8170000208DF818000120E5
:101A50008DF8190000208DF81A008DF81B008DF804
:101A600012808DF813408DF814608DF81550ADF884
:101A7000107004A91B48FFF71DFF00208DF80A0015
:101A800001208DF80B008DF80C001748006840F419
:101A90008030C0F34F30ADF80000134800880421B7
:101AA00001EBC00080B2ADF802000F48006840F4BE
:101AB0008030C0F34F30ADF804000B48008801EBD4
:101AC000C00080B2ADF806000020ADF8080001208B
:101AD0008DF80D006846FFF769FE08B0BDE8F0819B
:101AE0000008014000640040BC00002010B500F573
:101AF000D87303EB01131B6803F004031372137A0A
:101B000053B900F5D87303EB01131B6840F2FF745F
:101B100004EA5353136009E000F5D87303EB011393
:101B20001B686FF0604404EAD303536000F5D87378
:101B300003EB01131B6803F00203537200F5D87323
:101B400003EB01135B6803F00F03937200F5D87386
:101B500003EB01135B681B0AD37400F5D87303EB26
:101B600001139B68D37200F5D87303EB01139B68D4
:101B70001C0A147300F5D87303EB01139B681C0C4B
:101B8000547300F5D87303EB01139B681B0E93731A
:101B900000F5D87303EB0113DB68D37300F5D8733A
:101BA00003EB0113DB681C0A147400F5D87303EB14
:101BB0000113DB681C0C547400F5D87303EB01139C
:101BC000DB681B0E937421B9C36843F02003C36024
:101BD00003E0036943F02003036110BD1CB500243A
:101BE00006E0BC49A01C085C0DF80400601CC4B2EF
:101BF000072CF6DBB848007801282AD1B5480078D0
:101C0000532801D1012000E00020B249497854292D
:101C100001D1012100E00021084000280BD0AD488F
:101C200080784F2808D10020AC490870AC48008863
:101C3000401CAB49088045E1A64880784128FAD18C
:101C40000120A6490870A7480088401CA5490880C3
:101C500038E1A14800780228EDD19E4800785A2842
:101C600072D19C484078372859D009DCA0F1300067
:101C700007287ED2DFE800F0232A31383F454C00A8
:101C80004C280ED006DC382850D0392855D04A28A8
:101C90006FD162E051280BD0532857D0572868D114
:101CA00061E0062269464FF48870FEF78BFE61E022
:101CB000052269464FF48C70FEF784FE5AE0052237
:101CC00069464FF49070FEF77DFE53E005226946A9
:101CD0004FF49470FEF776FE4CE0052269464FF40F
:101CE0009870FEF76FFE45E0052269464FF49C7040
:101CF000FEF768FE3EE0052269469001FEF762FEAF
:101D000038E0052269464FF4A470FEF75BFE31E02F
:101D1000052269464FF4A870FEF754FE2AE005221A
:101D200069464FF4AC70FEF74DFE23E0052269468C
:101D30004FF4B070FEF746FE1CE0052269464FF4F2
:101D4000B470FEF73FFE15E015E012E0052269468B
:101D50004FF4E870FEF736FE0CE00622694670206C
:101D6000FEF730FE06E0062269466020FEF72AFEF6
:101D700000E000BF00BF57480078462873D155489F
:101D8000407837285AD009DCA0F1300007287FD2EC
:101D9000DFE800F0232A31383F464D004C280ED0B2
:101DA00006DC382851D0392856D04A2870D163E053
:101DB00051280BD0532858D0572869D162E0062209
:101DC00069464FF4B870FEF7FDFD62E005226946F2
:101DD0004FF4BC70FEF7F6FD5BE0052269464FF458
:101DE000C070FEF7EFFD54E0052269464FF4C47061
:101DF000FEF7E8FD4DE0052269464FF4C870FEF796
:101E0000E1FD46E0052269464FF4CC70FEF7DAFDAD
:101E10003FE0052269464FF4D070FEF7D3FD38E06D
:101E2000052269464FF4D470FEF7CCFD31E005225F
:101E300069464FF4D870FEF7C5FD2AE005226946D1
:101E40004FF4DC70FEF7BEFD23E0052269464FF437
:101E5000E070FEF7B7FD1CE0052269464FF4E47020
:101E6000FEF7B0FD15E015E012E0052269464FF4DB
:101E7000EC70FEF7A7FD0CE0062269467820FEF71D
:101E8000A1FD06E0062269466820FEF79BFD00E002
:101E900000BF00BF0F480078572813D10D48407885
:101EA000422807D04B280BD1042269465020FEF768
:101EB00089FD06E0052269465820FEF783FD00E013
:101EC00000BF00BF034800784C2801D101F05AFF41
:101ED0001CBD000099000020A1000020D1010020BD
:101EE00054000020560000201CB50024002002F001
:101EF00073F800BF0120102103461DA2CDE9001098
:101F00000A21204601F0F1FC04F10800C4B2802C43
:101F1000F0DB01201021034615A2CDE900101E219F
:101F2000002001F0E2FC012012A310221E210090EB
:101F3000104601F06FF90120102103460CA2CDE9F3
:101F400000101E21782001F0D0FC002400BF0120E9
:101F50001021034606A2CDE900103221204601F0EF
:101F6000C4FC04F10800C4B2802CF0DB1CBD0000EE
:101F70002A000000D5FDD4DAC9E8D6C3B2CECAFD26
:101F80000000000010B502460020936803F0806353
:101F9000B3F1806F00D110E0936803F00063B3F1F8
:101FA000006F01D1012008E0936803F08053B3F182
:101FB000805F01D1022000E00420042874D002F5E3
:101FC000C07303EB00131B6803F0010402F5C07338
:101FD00003EB00131C600B7A7BB94B7A0C8843EA45
:101FE000445302F5C07404EB00142468234302F543
:101FF000C07404EB0014236010E00B7A4C6843EAD1
:10200000C4034C7A234302F5C07404EB0014246823
:10201000234302F5C07404EB001423608B7A03F0B1
:102020000F038B7202F5C07303EB00135B6823F0A0
:102030000F0402F5C07303EB00135C6002F5C0737C
:1020400003EB00135B688C7A234302F5C07404EB46
:10205000001463608B7B1C064B7B44EA03440B7BC0
:1020600044EA0323CC7A234302F5C07404EB001442
:10207000A3608B7C1C064B7C44EA03440B7C44EA43
:102080000323CC7B234302F5C07404EB0014E3600C
:1020900002F5C07303EB00131B6843F0010402F563
:1020A000C07303EB00131C6010BD000010B50246A6
:1020B000002321B1012907D002290FD109E090683E
:1020C0001D4C00EA04030BE090681C4C00EA04037A
:1020D00006E090681A4C00EA040301E0002300BF08
:1020E00000BF184C181BA34216D007DC83B16FF059
:1020F0008060184470B1022818D111E0B0F5007F5B
:1021000010D0114C204448B1B0F5003F0ED10BE087
:1021100002230DE000230BE0002309E0002307E089
:10212000012305E0012303E0012301E0002300BFB8
:1021300000BFD8B210BD0000030000040003000877
:1021400000000310000100080001FFF73EB533480E
:10215000006833490988084432490988401A2DD457
:102160002E4800882E49098808442E490988401ABB
:102170002B49088001A8002303220621009028484B
:10218000008801F0B2FE0DF10504062221464FF44D
:102190008870FEF717FC00202249088001A8002360
:1021A0000322062100901F48008801F09EFE0622AF
:1021B00021464FF4B870FEF705FC2EE01748008862
:1021C000C043401C17490988084415490988401A2A
:1021D0001449088001A80023032206210090114819
:1021E000008801F082FE0DF10504062221464FF41D
:1021F000B870FEF7E7FB00200949088001A800231A
:102200000322062100900648008801F06EFE062297
:1022100021464FF48870FEF7D5FB3EBD60000020DC
:1022200072000020740000203EB533480068334936
:102230000988084432490988401A2DD42E4800885C
:102240002E49098808442E490988401A2B490880DC
:1022500001A800230322062100902848008801F0ED
:1022600044FE0DF10504062221464FF48870FEF766
:10227000A9FB00202249088001A80023032206218F
:1022800000901F48008801F030FE062221464FF4DE
:10229000B870FEF797FB2EE017480088C043401C3B
:1022A00017490988084415490988401A14490880C3
:1022B00001A800230322062100901148008801F0A4
:1022C00014FE0DF10504062221464FF4B870FEF706
:1022D00079FB00200949088001A800230322062178
:1022E00000900648008801F000FE062221464FF4C7
:1022F0008870FEF767FB3EBD600000207200002082
:102300007400002030B585B0054600211048FFF765
:102310005BFB10B9002005B030BD6A4600210C48B7
:10232000FFF7E4FB0B490198096841F480318842CA
:102330000BD1002404E00DF10B00005D2855641C56
:10234000082CF8D39DF80A00E5E70020E3E7000039
:1023500000640040BC0000202DE9F04186B0054635
:102360008846164600240195029504208DF80C003D
:1023700000208DF80D008DF80E6000BF06E018F803
:1023800004100DF10F000155601C84B2B442F6DB5D
:1023900001A90A48FFF7F6FD0746002401E0601C8A
:1023A00084B239460548FFF781FE18B940F6FF7040
:1023B0008442F4DB06B0BDE8F08100000064004018
:1023C000704700000C48006820F080000A4908604F
:1023D00011E04FF40051094800F0BEFD40F6B8305E
:1023E00005F010FB4FF40051044800F0B7FD40F633
:1023F000B83005F007FBECE7000401400010014095
:10240000014600200022074B1B6803EA0102054B2E
:1024100014331B680B4013B10AB1012000E0002007
:1024200070470000000401401CB5002001F0D4FDFD
:10243000012025A3102203210090002000F0EAFED5
:10244000012023A3102218210090002000F0E2FEBA
:10245000012021A310222D210090002000F0DAFE9F
:102460000120102103231EA2CDE90010194664208B
:1024700001F03BFA0120082103461AA2CDE9001021
:1024800003216C2001F031FA01201021034616A22D
:10249000CDE900101821702001F027FA0120082151
:1024A000034610A2CDE900101821782001F01DFA92
:1024B0000120102103230DA2CDE900102D21682059
:1024C00001F013FA1CBD0000C1F7C1BF00000000FD
:1024D000C0DBBCC600000000B2EED1B900000000B5
:1024E0006D2F6800330000006D0000004B5061004C
:1024F0001CB5002001F070FDF64890F900001E2880
:102500006ADA01203A237F2205210090002000F0A2
:102510007FFD01203A233F2205210090104600F064
:102520001FFD012020237F2219460090002000F08B
:1025300017FD0120E8A3102200210090104600F0B2
:1025400069FE0120E6A3102200210090462000F041
:1025500061FE0120E4A3102230210090052000F04C
:1025600059FE0120E2A3102230210090462000F005
:1025700051FE012010210346DFA2CDE900100E21FB
:10258000342001F0B2F9012010210223DBA2CDE9B1
:1025900000100021692001F0A8F901201021032377
:1025A000D7A2CDE900103021252001F09EF90120AD
:1025B00008210346D3A2CDE9001030212D2001F0DF
:1025C00094F9012010210223CCA2CDE90010302182
:1025D000692001F08AF93BE201203F237F2200219C
:1025E0000090084600F014FDC74890F90040062C02
:1025F00013DA002C11DB01200821CDE90010204660
:10260000621C54B200EB80004000C01CC1B2082321
:10261000BEA21A2001F069F901E0601C44B2062C48
:102620000FDA002C0DDB01200821CDE9001004EBAE
:1026300084004000C01CC1B20C23B7A2022001F0EC
:1026400054F9062C13DA002C11DB01200821CDE906
:1026500000102046621C54B200EB80004000C01CF9
:10266000C1B20123B0A26E2001F03FF901E0601C6D
:1026700044B2062C0FDA002C0DDB01200821CDE935
:10268000001004EB84004000C01CC1B20B23A7A2C1
:10269000082001F02AF9062C13DA002C11DB0120A6
:1026A0000821CDE900102046621C54B200EB8000E6
:1026B0004000C01CC1B2022390A26E2001F015F9A7
:1026C00001E0601C44B2062C13DA002C11DB01205F
:1026D0000821CDE900102046621C54B200EB8000B6
:1026E0004000C01CC1B2092393A2142001F0FDF8E0
:1026F00001E0601C44B2062C13DA002C11DB01202F
:102700000821CDE900102046621C54B200EB800085
:102710004000C01CC1B20B238AA2082001F0E5F8DA
:1027200001E0601C44B2062C13DA002C11DB0120FE
:102730000821CDE900102046621C54B200EB800055
:102740004000C01CC1B2082381A21A2001F0CDF8BC
:1027500001E0601C44B2062C13DA002C11DB0120CE
:102760000821CDE900102046621C54B200EB800025
:102770004000C01CC1B20B2378A2082001F0B5F8BC
:1027800001E0601C44B2062C13DA002C11DB01209E
:102790000821CDE900102046621C54B200EB8000F5
:1027A0004000C01CC1B20B236FA2082001F09DF8AD
:1027B00001E0601C44B2062C13DA002C11DB01206E
:1027C0000821CDE900102046621C54B200EB8000C5
:1027D0004000C01CC1B2062366A2262001F085F885
:1027E00001E0601C44B2062C13DA002C11DB01203E
:1027F0000821CDE900102046621C54B200EB800095
:102800004000C01CC1B20A235CA20E2001F06DF88A
:1028100001E0601C44B2062C13DA002C11DB01200D
:102820000821CDE900102046621C54B200EB800064
:102830004000C01CC1B2082353A21A2001F055F871
:1028400001E0601C44B2062C13DA002C11DB0120DD
:102850000821CDE900102046621C54B200EB800034
:102860004000C01CC1B208234AA21A2001F03DF862
:1028700001E0601C44B2062C13DA002C11DB0120AD
:102880000821CDE900102046621C54B200EB800004
:102890004000C01CC1B2082341A21A2001F025F853
:1028A00001E0601C44B2062C13DA002C11DB01207D
:1028B0000821CDE900102046621C54B200EB8000D4
:1028C0004000C01CC1B2082338A21A2001F00DF844
:1028D00074E071E06E000020CEC2B6C800000000B7
:1028E000CEC2B2EE00000000C1F7C1BF0000000080
:1028F000B2EED1B9000000004300000050610000BA
:102900006D2F6800330000006D0000205665727363
:10291000696F6E3A0000000054656D7065726174F5
:102920007572653A0000000024000000436F727267
:10293000656374696F6E3A0053616D706C696E67A0
:102940003A000000526573697374616E63653A0002
:102950005B5D416E676C653A000000004545505272
:102960004F4D204269743A00454550524F4D204E1C
:10297000756D3A004572726F723A000045535220ED
:10298000422C452C573A0000455352204C45433ABF
:1029900000000000455352205445433A0000000017
:1029A000455352205245433A000000004D43522007
:1029B000302D373A00000000601C44B2062C13DAB8
:1029C000002C11DB01200821CDE900102046621CFB
:1029D00054B200EB80004000C01CC1B209231DA20C
:1029E000142000F082FF01E0601C44B2062C13DAD0
:1029F000002C11DB01200821CDE900102046621CCB
:102A000054B200EB80004000C01CC1B2072314A2E6
:102A1000202000F06AFF01E0601C44B2062C13DAAB
:102A2000002C11DB01200821CDE900102046621C9A
:102A300054B200EB80004000C01CC1B205230AA2C2
:102A40002C2000F052FF03E0601C44B2601C44B232
:102A50001CBD00005246305220464D503A00000046
:102A6000465F53495A453A00465F49443A000000E0
:102A70001CB5002001F0B0FA01200EA3102211466F
:102A80000090152000F0C6FB0120102104230DA2A8
:102A9000CDE900102621582000F027FF0120082151
:102AA00003460AA2CDE900102921612000F01DFF94
:102AB0001CBD0000CFF2C1F7C1BFC1BFB3CCA3BAE8
:102AC000000000006D202F680000000033000000AF
:102AD0001CB5002001F080FA012012A31022002171
:102AE0000090104600F096FB01201021082311A24F
:102AF000CDE90010042000F0F8FE01201021082389
:102B00000FA2CDE900102021042000F0EEFE0120EC
:102B1000102108230DA2CDE900103021042000F07F
:102B2000E4FE1CBDCFF2D0DED5FDB2CECAFDA3BA05
:102B3000000000003530257E3630253A00000000C8
:102B40003630257E3730253A000000003730257EAC
:102B50003830253A000000002DE9FC5F074640F6BA
:102B6000FF78052098FBF0F64C480068642100FBD4
:102B700001F94B48006800EB80004FEA400A07EB80
:102B8000870047004748007898BB4548006880B3F5
:102B90004248006868B33FB9A8EB060000EBD0716B
:102BA00006EB6104E5174CE007F0004080B14FEA06
:102BB0004A01A8EB060291FBF2F197FBF1F13144D7
:102BC000A8EB060000EBD07201EB6204E51738E0D9
:102BD0004FEA4901A8EB060291FBF2F197FBF1F1F4
:102BE0003144A8EB060000EBD07201EB6204E5175C
:102BF00027E0FFE72B480078012820D1284800680B
:102C0000E8B126480068D0B117B9F517344618E086
:102C100007F0004050B1F843471CA8EB06009AFBB0
:102C2000F0F097FBF0F08419E5170AE0A8EB060036
:102C300099FBF0F097FBF0F08419E51701E0F51728
:102C400034461948B0F9000042F210710844C11727
:102C50002246A2FB00CB05FB00B004FB010042F2C0
:102C600010720023CDE900C060460199FDF7EFFA2C
:102C700004460D4640F6FF710020091BA84102DA08
:102C800040F6FF7404E0611F75F1000000DA0A24C9
:102C9000A0B200F029F8BDE8FC9F000084000020ED
:102CA000880000206C0000208000002008B5012171
:102CB000042001F011FC0121084601F00DFC032065
:102CC000ADF8000010208DF8030003208DF80200FD
:102CD0006946044800F0ACF80321024800F03EF9D0
:102CE00008BD00000008014070B50446002500F052
:102CF0005DF8B02000F034F800F016F8022000F083
:102D00002FF800F011F82107080E00F029F800F064
:102D10000BF8C4F3071000F023F800F005F800F0FA
:102D200067F8284670BD000010B500200A49086009
:102D300001F04CFC00200949C1F88001042004F096
:102D400087FE012004490860042004F081FE002071
:102D50000249C1F8840110BD8401214200002142D2
:102D600070B5044601F032FC00200E4908600025D1
:102D700014E0E0090B49091F08606006040E0420F6
:102D800004F066FE01200849C1F88401042004F023
:102D90005FFE002003490860681CC5B2082DE8DB0F
:102DA00070BD0000840121420000214210B501F0F5
:102DB0000DFC01200C49086004F04AFE01200B497B
:102DC000C1F88401052004F043FE00200649086094
:102DD000052004F03DFE00200449C1F884010520CF
:102DE00004F036FE10BD00008001214200002142A7
:102DF00010B501F0EBFB00200B490860052004F042
:102E000027FE00200949C1F88001052004F020FEBA
:102E1000012005490860052004F01AFE012003493D
:102E2000C1F8800110BD0000840121420000214250
:102E30002DE9F04102460025002600200023002451
:102E4000002791F803C00CF00F0591F803C00CF0B7
:102E5000100CBCF1000F03D091F802C04CEA05053C
:102E600091F800C0BCF1000F31D0146800202BE0B5
:102E70004FF0010C0CFA00F3B1F800C00CEA0306A5
:102E80009E4220D183004FF00F0C0CFA03F7BC4395
:102E900005FA03FC4CEA040491F803C0BCF1280FC6
:102EA00006D14FF0010C0CFA00FCC2F814C00AE085
:102EB00091F803C0BCF1480F05D14FF0010C0CFA9A
:102EC00000FCC2F810C0401C0828D1D31460B1F82F
:102ED00000C0BCF1FF0F34DD546800202EE000F18B
:102EE000080C4FF0010808FA0CF3B1F800C00CEA26
:102EF00003069E4221D183004FF00F0C0CFA03F71A
:102F0000BC4305FA03FC4CEA040491F803C0BCF18D
:102F1000280F05D100F1080C08FA0CF8C2F814804B
:102F200091F803C0BCF1480F07D100F1080C4FF035
:102F3000010808FA0CF8C2F81080401C0828CED30B
:102F40005460BDE8F0810246002093680B400BB14D
:102F5000012000E000207047416170470161704727
:102F60002DE9FF4F85B081468A46002003908346B5
:102F70000798A0EB09050898A0EB0A06CDF8089081
:102F8000CDF804A0002D01DD012705E00DB90027D3
:102F900002E04FF0FF376D42002E02DD4FF00108D6
:102FA00006E016B94FF0000802E04FF0FF38764215
:102FB000B54201DD2C4600E03446002004901EE0BE
:102FC000019AD1B2029AD0B2129A01F009F903988B
:102FD00028440390B3440398A04205DD0398001BE6
:102FE0000390029838440290A34504DDABEB040B38
:102FF0000198404401900498401C80B20490611CE8
:1030000004988842DCDD00F0FBFF09B0BDE8F08FDA
:103010002DE9F84305460E4617469846089C334668
:103020003A46314628460094FFF79AFF43462A461F
:10303000314628460094FFF793FF43463A464146FF
:1030400028460094FFF78CFF43463A4631463846FF
:103050000094FFF785FFBDE8F88300002DE9F04FED
:103060008BB006468A464FF00009002504200A90DE
:103070000024B5E000256EE00A9805F05AFD2746C9
:10308000CDE90601E11704EB5161C911A4EBC110B0
:1030900006F0A4F90190284606F0A0F900900199E5
:1030A00006F000FA8346584906F0D6F8804606F046
:1030B00045F8CDE9020105F0C9F9CDE90401DDE9E2
:1030C000062305F061FDCDE9080105F0D5FC4FFAB6
:1030D00080F909EBC6004FFA80F909F0FF01E8B268
:1030E000524601F07DF80A9805F023FDA346CDE98C
:1030F0000601E11704EB5161C911A4EBC11006F000
:103100006DF90190284606F069F90090019906F0E2
:10311000C9F93D49029006F09FF8039006F00EF8B9
:10312000074604F0FFFBCDE90401DDE9062305F0C5
:103130002BFDCDE9080105F09FFC4FFA80F909EB62
:10314000C6004FFA80F909F0FF01E8B2524601F0DB
:1031500047F8681C05B2802D8EDB00F051FF0A2075
:1031600004F050FC002537E00A9805F0E2FCA34685
:10317000CDE90601E11704EB5161C911A4EBC110BF
:1031800006F02CF90190284606F028F900900199E4
:1031900006F088F91C49029006F05EF8039005F0ED
:1031A000CDFF074605F052F9CDE90401DDE906231C
:1031B00005F0EAFCCDE9080105F05EFC4FFA80F964
:1031C00009EBC6004FFA80F909F0FF01E8B20022CE
:1031D00001F006F8681C05B2802DC5DB601C84B2C6
:1031E000642CFFF647AF09480068022809D2084955
:1031F000096821F001014FF6FF7202EA410004F074
:1032000001FC0BB0BDE8F08F0000A04004020020DC
:10321000BC0000202DE9F04106460F4614461D462D
:10322000DDF8188026E0102C06D143462A463946A0
:10323000304600F023F913E0182C06D143462A4605
:103240003946304600F092F90AE0202C06D1434678
:103250002A463946304600F00BFA01E0BDE8F0811D
:103260003019C6B2C4F18000B04202DA0026381923
:10327000C7B2AD1C28780028D5D100BFEEE700000A
:103280002DE9FF4F81B006460F469946DDF838A07C
:103290004FF00008002400250398203800F0FF08B4
:1032A0007F2E02DD0026B81CC7B2B9F1100F30D155
:1032B00000242BE0BAF1000F05D004EB08106B4995
:1032C00011F800B006E004EB08106849085CC04340
:1032D00000F0FF0B002515E08020284100EA0B00DC
:1032E00038B13A19D1B27219D0B2012200F078FF88
:1032F00006E03A19D1B27219D0B2002200F070FF84
:10330000681CC5B2082DE7DB601CC4B2102CD1DBF1
:10331000A7E0B9F1080F30D100242BE0BAF1000F7B
:1033200005D0534800EBC80010F804B006E0504840
:1033300000EBC800005DC04300F0FF0B002515E066
:103340008020284100EA0B0038B13A19D1B2721935
:10335000D0B2012200F044FF06E03A19D1B272194E
:10336000D0B2002200F03CFF681CC5B2082DE7DB9C
:10337000601CC4B2082CD1DB73E0B9F1180F32D154
:1033800000242DE0BAF1000F06D0182000FB084001
:10339000384911F800B007E0182000FB0840354913
:1033A000085CC04300F0FF0B002515E08020284199
:1033B00000EA0B0038B13A19D1B27219D0B2012229
:1033C00000F00EFF06E03A19D1B27219D0B2002215
:1033D00000F006FF681CC5B2082DE7DB601CC4B214
:1033E000182CCFDB3DE0B9F1200F37D1002432E0BB
:1033F000BAF1000F06D0302000FB08401E4911F83A
:1034000000B007E0302000FB08401B49085CC043C7
:1034100000F0FF0B00251AE08020284100EA0B0095
:1034200060B104EBD47207EB6202D1B272190832B8
:10343000D0B20122009400F0D3FE06E03A19D1B2D6
:103440007219D0B2002200F0CBFE681CC5B2082D64
:10345000E2DB601CC4B2302CCADB02E005B0BDE880
:10346000F08F00F0CDFD00BFF8E700003A9A0008A9
:10347000429700082AA0000812A900082DE9FF4F72
:1034800083B080468946924650200190002562E034
:1034900005EB0510344911F810009AF80010884225
:1034A00057D105EB0510304901EB400040789AF800
:1034B000011088424DD1002448E0069840B105EB48
:1034C0000510294901EB4000801C005D029009E0D5
:1034D00005EB0510244901EB4000801C005DC04352
:1034E000C0B2029000262DE08020304102990840B1
:1034F00098B1274604EBD77209EB6202D1B2A3461A
:1035000004EBDB725210A4EB420208EBC20232441D
:10351000D0B2012200F064FE12E0274604EBD7721D
:1035200009EB6202D1B2A34604EBDB725210A4EBAA
:10353000420208EBC2023244D0B2002200F050FE38
:10354000701CC6B2082ECFDB601CC4B2202CB4DBCA
:1035500004E0681CC5B20198854299DB00BF00F009
:103560004FFD07B0BDE8F08F22A900082DE9FE4FFE
:103570000746884691469B460220029000256DE052
:1035800005EB850000EB4510384911F8100099F85B
:103590000010884260D105EB850000EB45103349EF
:1035A00001EB4000407899F80110884254D1002482
:1035B0004FE0BBF1000F0AD005EB850000EB451092
:1035C0002A4901EB4000801C10F804A00BE005EB39
:1035D000850000EB4510254901EB4000801C005D93
:1035E000C04300F0FF0A00262FE08020304100EAAF
:1035F0000A00A0B1032094FBF0F04044C0B2019057
:10360000032094FBF0F100FB114007EBC0003044B5
:10361000C0B201220090019900F0E2FD13E0032006
:1036200094FBF0F04044C0B20190032094FBF0F111
:1036300000FB114007EBC0003044C0B200220090F4
:10364000019900F0CDFD701CC6B2082ECDDB601CC8
:10365000C4B2482CADDB04E0681CC5B202988542B8
:103660008EDB00BF00F0CCFCBDE8FE8FC2B30008CB
:103670002DE9FF4F83B08046894692460420019091
:10368000002566E005EB8510364911F810009AF820
:10369000001088425BD105EB8510324901EB4000F8
:1036A00040789AF80110884251D100244CE00698E5
:1036B00040B105EB85102B4901EB4000801C005DFB
:1036C000029009E005EB8510264901EB4000801CC3
:1036D000005DC043C0B20290002731E08020384135
:1036E00002990840A8B12646E21704EB927209EB52
:1036F000A202D1B2A346E21704EB92729210A4EB9D
:10370000820208EBC2023A44D0B2012200F068FD06
:1037100014E02646E21704EB927209EBA202D1B242
:10372000A346E21704EB92729210A4EB820208EB1C
:10373000C2023A44D0B2002200F052FD781CC7B257
:10374000082FCBDB601CC4B2802CB0DB04E0681C0B
:10375000C5B20198854295DB00BF00F051FC07B06F
:10376000BDE8F08F56B400082DE9FC5F80468B461B
:1037700091461E460C9C00200190102C05D120463D
:1037800004EBD071C1F347070AE0082C06D12046AC
:1037900004EBD0714910891CCFB201E0BDE8FC9F59
:1037A00000251BE0701B401EC1B20A2004F042FE3F
:1037B000B9FBF0F00A21B0FBF1F201FB120A0D98FF
:1037C0000AF13001CAB2691C07FB01810090C8B23E
:1037D00023465946FFF754FD681CC5B2B542E1DBEC
:1037E00000BFDBE72DE9FF4F83B0074693469A46BB
:1037F000DDE9105800200290102D05D1284605EB78
:10380000D071C1F347060BE0082D06D1284605EB21
:10381000D0714910891CCEB202E007B0BDE8F08F2C
:1038200000245EE0AAEB0400401EC1B20A2004F0AE
:1038300001FEBBFBF0F00A21B0FBF1F201FB120923
:103840000298A8B9AAF10100A04211DDB9F1000F58
:103850000CD1022C0ADA06FB0471C8B22B462022D6
:10386000CDF800800499FFF70BFD38E001200290AD
:10387000042C0CDA09F13001CAB206FB0471C8B29B
:103880002B46CDF800800499FFF7FAFC26E0042CC3
:1038900017D106FB0471C8B22B462E22CDF800804A
:1038A0000499FFF7EDFC09F13001CAB2611C06FB77
:1038B0000171C8B22B46CDF800800499FFF7E0FCF7
:1038C0000CE009F13001CAB2611C06FB0171C8B2FB
:1038D0002B46CDF800800499FFF7D2FC00BF601C96
:1038E000C4B254459EDB00BF97E72DE9F84F06466A
:1038F000884691469A46DDE90A4B0027102C05D1EF
:10390000204604EBD071C1F347051CE0082C06D11A
:10391000204604EBD0714910891CCDB213E0182C5D
:1039200006D1204604EBD0714910891ECDB20AE0C1
:10393000202C06D1204604EBD0714910091FCDB2CE
:1039400001E0BDE8F88F002713E0CDF800B019F8CA
:103950000720234641463046FFF792FC7019C6B255
:10396000782E04DD002608EB040000F0FF08781C28
:10397000C7B25745E9DB00BFE3E700BFFEE7000041
:1039800010B540210F48FFF7E7FA0E48006820F015
:1039900070400C4908600846006840F040500860DC
:1039A000002009490860042004F052F8402105482D
:1039B000FFF7D4FA042004F04BF840210148FFF748
:1039C000CBFA10BD000C01409C81214208B50121B9
:1039D000082000F081FDE020ADF8000010208DF8F7
:1039E000030003208DF8020069460448FFF720FA1F
:1039F000E0210248FFF7B2FA08BD0000000C0140C8
:103A000010B540210F48FFF7A7FA0E48006820F0D4
:103A100070400C4908600846006840F0405008605B
:103A2000012009490860042004F012F840210548EB
:103A3000FFF794FA042004F00BF840210148FFF747
:103A40008BFA10BD000C01409C81214270B50546E7
:103A5000002400F0D1FD002616E040210F48FFF7BA
:103A60007BFA042003F0F4FF40210C48FFF776FABC
:103A70006006040E0A48006808B1601CC4B2042045
:103A800003F0E6FF701CC6B2082EE6DB15B9FFF79F
:103A9000B7FF01E0FFF774FF204670BD000C014046
:103AA0001C81214270B504461448006820F0704023
:103AB000124908600846006840F040500860402104
:103AC0000E48FFF749FA002514E0E0090C490860A8
:103AD0006006040E042003F0BBFF40210748FFF7F7
:103AE0003DFA042003F0B4FF40210448FFF734FA04
:103AF000681CC5B2082DE8DB70BD0000000C014059
:103B00009C81214210B51348006820F07040114993
:103B100008600846006840F04050086001200E49E7
:103B2000086003F095FF40210A48FFF717FA0520C7
:103B300003F08EFF00200949C1F89C01052003F025
:103B400087FF40210348FFF707FA052003F080FFB5
:103B500010BD0000000C01409C81214200802142E8
:103B600010B51248006820F07040104908600846FF
:103B7000006840F04050086040210C48FFF7ECF925
:103B8000052003F065FF002009490860052003F0C7
:103B90005FFF40210548FFF7E1F9052003F058FFDA
:103BA00001200449C1F89C0110BD0000000C014037
:103BB0009C8121420080214210B5002400F01CFDB0
:103BC000012003F045FF40210B48FFF7C7F907E04C
:103BD000601C84B2CD2C03DDFFF7C2FF012010BDB5
:103BE00080210548FFF7AFF90028F1D140210248B4
:103BF000FFF7B2F90020F2E7000C014008B50121FF
:103C0000082000F069FC0720ADF8000028208DF89E
:103C1000030003208DF8020069460248FFF708F907
:103C200008BD0000000C014010B504211848FFF742
:103C30008AF948B102211648FFF785F920B1012120
:103C40001348FFF780F900BB142003F0DBFE0421CA
:103C50000F48FFF778F940B902210D48FFF773F9D3
:103C600008B9042412E0012410E002210848FFF7FB
:103C70006AF908B9022409E001210548FFF763F950
:103C800008B9032402E0052400E00024204610BD0A
:103C9000000C014008B50121582000F01DFC4FF434
:103CA0000050ADF8000004208DF8030003208DF8CB
:103CB000020069460148FFF7BBF808BD001001404B
:103CC00010B52A480068401C284908600822284985
:103CD0002648006800F06EF92649098801F5007150
:103CE00088B208222449FCF76DFE2249098801F5B3
:103CF000027188B208221E49FCF764FE1B48006866
:103D00001E49884230D31B490C88E11704EB11711E
:103D10000911481C04221A4900F04CF91548008882
:103D2000103014490880042215494FF4F870FCF74C
:103D300049FE1049098801F5007188B208220E4930
:103D4000FCF740FE0020094908600822084907489E
:103D5000006800F02FF90749098801F5027188B25F
:103D600008220349FCF72EFE10BD000000020020CF
:103D7000F8010020040200202B00002040420F0028
:103D8000C700002010B5012404E030200B4908557D
:103D9000601CC4B2082CF8DB2E20084908712020D2
:103DA00008700749098801F5007188B208220349A3
:103DB000FCF708FE00200349086010BD2B0000201E
:103DC000040200205800002008B5002000F004F98B
:103DD000012014A31022002100900A20FFF71AFAF4
:103DE000012014A31022114600900A20FFF712FAB6
:103DF000012014A31022202100900A20FFF70AFAC4
:103E0000012014A31022302100900A20FFF702FAAB
:103E1000002008232022042100907120FFF730FAAF
:103E200008BD0000C9E8D6C3D5FDCFF2B2CECAFDA9
:103E300000000000C9E8D6C3B7B4CFF2B2CECAFDC5
:103E400000000000C9E8D6C3D0DED5FDB2CECAFD61
:103E500000000000C9E8D6C3CDA8D1B6B5D8D6B702
:103E60000000000070B500261B48007805282DDBF7
:103E7000002500201949087002F094F930B138206B
:103E800002F0C4F902F010F9054600E00126002412
:103E9000012012490870F6B902F084F9382002F0C6
:103EA000B5F902F001F9044600F0E4FA072003F046
:103EB000A9FD0B4800680444284602F0B1FF2046E3
:103EC00003F09EF8204603F081F804E002480078F1
:103ED000401C0149087070BD090200200B0200203F
:103EE0009400002000BFFEE7704770B5049C0AB143
:103EF0008D1AEAB2012B02D12D25257001E0202573
:103F0000257012E08A4204D11AB12E2565544D1E47
:103F1000E9B20A25B0FBF5F605FB16053035655408
:103F20000A25B0FBF5F04D1EE9B20029EADC70BDB0
:103F300070B5002100230F22C47804B3154C246807
:103F400004F4E064C4F5E064210AC1F10403CA404A
:103F5000447804FA03F184781440214309010E4C9B
:103F60000678A155047804F01F050124AC400578BB
:103F70006D11AD0005F1E025C5F8004109E00478B8
:103F800004F01F050124AC40044D0678761145F875
:103F9000264070BD0CED00E000E400E080E100E0B0
:103FA00002490143024A1160704700000000FA050F
:103FB0000CED00E030B50B46511E0AE00A24B0FBC0
:103FC000F4F504FB150430345C540A24B0FBF4F01F
:103FD000491E0029F2DC30BD10B5044634B1FF2281
:103FE0004FF480610548FCF756F904E04FF4806116
:103FF0000248FCF758F900F003F810BDB4020020A5
:1040000070B500241BE004F1B000002100F028F995
:104010000021022000F024F90021102000F020F9F6
:10402000002508E005EBC411064A505C012100F0B0
:1040300017F9681CC5B2802DF4DB601CC4B2082CD3
:10404000E1DB70BDB402002010B500218D2000F02E
:1040500007F90021102000F003F90021AE2000F044
:10406000FFF810BD10B500218D2000F0F9F80021F7
:10407000142000F0F5F80021AF2000F0F1F810BD99
:1040800010B501F04DFD00F07BF8C82003F0BAFC3C
:1040900000F090F8FFF7D8FF0021AE2000F0E0F824
:1040A0000021022000F0DCF80021102000F0D8F8F8
:1040B0000021402000F0D4F80021812000F0D0F849
:1040C0000021CF2000F0CCF80021A12000F0C8F89A
:1040D0000021C82000F0C4F80021A62000F0C0F89C
:1040E0000021A82000F0BCF800213F2000F0B8F823
:1040F0000021D32000F0B4F80021084600F0B0F809
:104100000021D52000F0ACF80021802000F0A8F8B4
:104110000021D92000F0A4F80021F12000F0A0F83F
:104120000021DA2000F09CF80021122000F098F81D
:104130000021DB2000F094F80021402000F090F8EE
:104140000021202000F08CF80021022000F088F8E7
:1041500000218D2000F084F80021142000F080F868
:104160000021A42000F07CF80021A62000F078F8BF
:104170000021AF2000F074F8FFF774FF10BD0000BD
:1041800008B50121042000F0A7F91C20ADF80000BB
:1041900010208DF8030003208DF8020069460448C2
:1041A000FEF746FE1C210248FEF7D8FE08BD0000BF
:1041B0000008014010B504210848FEF7CFFE642036
:1041C00003F020FC04210548FEF7C6FE642003F03E
:1041D00019FC04210148FEF7C1FE10BD0008014092
:1041E000F0B503461446E4B1CD1701EB5575ED105B
:1041F00003EBC515194E755D0A46CE1701EB5676D1
:10420000F610A1EBC6070126BE40F6B235430846BC
:10421000CE1701EB5676F61003EBC6160F4FBD55C1
:104220001AE0CD1701EB5575ED1003EBC5150B4EDC
:10423000755D0A46CE1701EB5676F610A1EBC60760
:104240000126BE40B5430846CE1701EB5676F61060
:1042500003EBC616014FBD55F0BD0000B4020020AF
:1042600070B504460D4625B108210A48FEF776FED2
:1042700003E008210748FEF76FFE10210548FEF70E
:104280006BFEE1B2044801F0C1FC10210148FEF7C9
:1042900065FE70BD00080140003001401CB50020E3
:1042A000FFF79AFE01201FA3102200210090104664
:1042B000FEF7B0FF01201FA310221146009003203B
:1042C000FEF7A8FF01201DA310222021009003204B
:1042D000FEF7A0FF0120102103231AA2CDE9001050
:1042E0006620FFF702FB01201021042316A2CDE96E
:1042F000001020216020FFF7F8FA01200821034672
:1043000013A2CDE9001023216920FFF7EEFA012066
:10431000102105230FA2CDE9001030210220FFF764
:10432000E4FA1CBDCFF2D0DED5FDB2CECAFDA3BAF1
:1043300000000000C1E3B5E3A3BA0000C7D0B3FD9D
:10434000A3BA00004B5061006D202F6800000000F0
:10435000330000003C3035253A00000010B54FF422
:104360008030FEF74DF8E8B11BE002210E48FEF761
:10437000F5FD08220D494FF4F070FCF723FB4FF4D4
:1043800000510B48FEF7E8FD40F6B83003F03AFB69
:104390004FF400510648FEF7E1FD40F6B83003F057
:1043A00031FBE2E710BD0000000801402B000020B7
:1043B00000100140704700001CB50020FFF70CFE04
:1043C000012011A31022114600900020FEF722FFC9
:1043D000012010A31022202100900020FEF71AFFD8
:1043E00001200FA31022302100900020FEF712FFC1
:1043F0000120102103230CA2CDE900103021202040
:10440000FFF773FA1CBD0000C1E3B5E3C2EBA3BA2A
:1044100000000000B2EED1B9C2EBA3BA0000000068
:10442000B2EED1B90000000050613A001CB5762010
:1044300003F0E8FA02208DF8000006208DF8010054
:1044400000208DF8020008208DF80300A3208DF8CD
:1044500004008DF8050030208DF80600B2208DF89C
:1044600007000821684603F0CDFF122003F0CAFAC6
:104470001CBD00000CB502208DF8000003208DF853
:10448000010000208DF802008DF803008DF8040073
:1044900002208DF80500C4208DF8060038208DF824
:1044A00007000821684603F0ADFF002001490870AD
:1044B0000CBD00002602002029B1064AD269024341
:1044C000044BDA6104E0034AD2698243014BDA61AA
:1044D000704700000010024029B1064A9269024369
:1044E000044B9A6104E0034A92698243014B9A614A
:1044F000704700000010024030B500210022002467
:1045000000232D4D6D6805F00C0121B1042905D063
:10451000082923D105E0294D056022E0274D0560DB
:104520001FE0254D6D6805F47012234D6D6805F48C
:104530008034022505EB92421CB9214D554305609C
:104540000BE01D4D6D6805F400351DB11C4D554344
:10455000056002E0194D5543056002E0174D056006
:1045600000BF00BF144D6D6805F0F0010909154D3D
:104570006B5C0568DD4045600F4D6D6805F4E061DA
:10458000090A104D6B5C4568DD4085600A4D6D6819
:1045900005F46051C90A0B4D6B5C4568DD40C56090
:1045A000054D6D6805F44041890B074D6B5CC5688E
:1045B000B5FBF3F5056130BD0010024000127A0032
:1045C00000093D000C0200201C02002008B501215A
:1045D0000420FFF781FF0120ADF8000010208DF8C6
:1045E000030003208DF8020069460248FEF720FC14
:1045F00008BD00000008014008B501210820FFF7B0
:104600006BFF8020ADF8000004208DF803006946A0
:104610000348FEF70DFC80210148FEF79FFC08BD12
:10462000000C01407CB5F74D0024F7480078F749AD
:10463000087008460078042881F28B81F4480078DD
:104640000978884207D1F1480078032807D1002073
:10465000EE49087003E0ED480078ED490870EB483A
:10466000007803287ED1EB48007800287BD1EA4807
:104670000078002878D0012877D0022802D00328BB
:1046800074D17DE001F0D6F90620E24908700020DF
:10469000E14908705020E14908800522E049DF48DF
:1046A0000088FCF757F9DD4800880830DB490880AE
:1046B0000522DC49D9480088FCF74CF9D748008826
:1046C0000830D64908800522D749D4480088FCF72D
:1046D00041F9D24800880830D04908800822D349DF
:1046E000CE480088FCF736F9012010210523CC4A7A
:1046F000CDE9001000214F20FFF7F7F8012010212D
:104700000523C84ACDE900104F20FFF7EEF801203D
:1047100010210523C44ACDE9001020214F20FFF7C6
:10472000E4F8012010210523C04ACDE90010302112
:104730004F20FFF7DAF8012010210346BB4AD21DB3
:10474000CDE9001030210020FFF7CFF8B748C0793D
:10475000B74908704F20B74908600020B649086083
:10476000AF4804E0FBE3F2E032E090E0EEE0AA497B
:104770000978405CB14908700120B1490870E5E052
:1047800001F044F90720A34908700220A2490870EB
:104790000322A4494FF48470FCF7DCF801201021B7
:1047A0000323A04ACDE9001026212F20FFF79DF812
:1047B0003F20A049086026209F49086099489649F3
:1047C0000978405C9D49087001209D490870BDE052
:1047D000FFF764FD01208F49087000209949087097
:1047E00099490870012099A31022002100900846E1
:1047F000FEF710FD4FF48870884908800020864934
:1048000008700622864985480088FCF7A3F883488B
:104810000088083081490880052282497F48008845
:10482000FCF798F87D48008808307C49088005220C
:104830007D497A480088FCF78DF801201021062375
:10484000774ACDE900102F20FFF74FF80120102103
:104850000523744ACDE9001020212F20FFF745F8E9
:10486000012010210523704ACDE9001030212F20AE
:10487000FFF73BF81020704908602F206D49086051
:10488000674865490978405C6C4908705EE0FFF74D
:1048900005FD01205F49087000206A490870012069
:1048A000694908706AA31022002100900846FEF7AB
:1048B000B1FC4FF4B870594908800020564908707F
:1048C0000622574955480088FCF744F853480088A9
:1048D0000830524908800522524950480088FCF7A8
:1048E00039F84E48008808304C49088005224E4966
:1048F0004A480088FCF72EF8012010210623484A78
:10490000CDE900102F20FEF7F0FF01201021052334
:10491000444ACDE9001020212F20FEF7E6FF0120B8
:1049200010210523404ACDE9001030212F20FEF749
:10493000DCFF1020404908602F203E4908603848BD
:1049400035490978405C3D49087000BF7FE3314834
:104950000078062855D13B480078012850D13648C8
:10496000006828B9354801782D482B4A12788154BF
:1049700031480068102805D1304800782949264A76
:10498000127888542C480068202805D12B480178DB
:104990002548214A1278815427480068302805D1DB
:1049A0002648017821481C4A1278815450201B491E
:1049B000088005221A4919480088FCF703F81748AF
:1049C00000880830154908800622164913480088D7
:1049D000FBF7F8FF114800880830104908800622CC
:1049E00011490E480088FBF7EDFF0C48008808309D
:1049F0000A49088008220D4908480088FBF7E2FFB1
:104A00003BE0A2E0400D0300D0010020D4010020D3
:104A1000D5010020C4010020C6010020D6010020DD
:104A2000D8010020E0010020E8010020F001002072
:104A30006C000020C0010020BC010020C701002044
:104A4000C5010020D3010020D2010020D5FD0000C7
:104A5000B7B400006D1EFFF7E7F8012801D144F05C
:104A60000104FFF7E1F8022801D144F00204FFF746
:104A7000DBF8042801D144F00404002DEAD1072C0E
:104A800053D1FFF799FC3F20FE4908601020FE49F2
:104A900008600120FD4908700020FD4908700820C9
:104AA000FC4908700020FC4908700822FB4990204E
:104AB000FBF750FF0822FA498020FBF74BFF082242
:104AC000F8498820FBF746FF012010210823F34A0C
:104AD000CDE900103F20FEF708FF01201021082338
:104AE000EF4ACDE9001020213F20FEF7FEFE012015
:104AF00010210823EB4ACDE9001030213F20FEF7BA
:104B0000F4FE1020E04908603F20DE490860E448D8
:104B1000DF490978405CE44908700020DE490870EC
:104B2000DE480078E04908708EE2FFF74DF9712009
:104B3000D44908600420D44908600020D349087093
:104B4000D3490870D34908707EE2D248007808281B
:104B500054D1D1480078012841D1CB4800681028B1
:104B600005D1D1480178CD48C94A12788154C64848
:104B70000068202805D1CC480078C949C44A127879
:104B80008854C1480068302805D1C7480078C54915
:104B9000BF4A127888540822C0499020FBF712FFC0
:104BA0000822BF498020FBF70DFF0822BD4988205D
:104BB000FBF708FF9022B9490820FBF73BFFBB49F0
:104BC00008608022B6490820FBF734FFB849086026
:104BD0008822B4490820FBF72DFFB6490860FFF78B
:104BE000F3F87120A74908600420A7490860002055
:104BF000A6490870A6490870A6490870A54800781B
:104C000007283CD1A4480078012829D1A64801787A
:104C1000A2489F4A12788154032201464FF48470BF
:104C2000FBF7D0FE9D4800783038642148439B490B
:104C30004978303901EB810100EB410197488078D8
:104C4000303808449C49086008460068FF2801D9AC
:104C5000FF20086098480068984908449649086011
:104C6000FFF7B2F871208749086004208649086080
:104C70000020864908708649087086490870854872
:104C8000007805282AD184480078012817D1864861
:104C900000788B497E4A127888548A48007820B977
:104CA0004FF4E8708849088003E04FF4EC708649BF
:104CB00008800622824984480088FBF783FEFFF7BC
:104CC00083F871206F49086004206F490860002054
:104CD0006E4908706E4908706E4908706D4800781A
:104CE000012800D100E000206A490978022901D199
:104CF000012100E00021084366490978032901D118
:104D0000012100E00021084362490978042901D10A
:104D1000012100E00021084300287CD05E48007893
:104D2000012879D158480068102805D15E480078DC
:104D30006349574A1278885453480068202805D19F
:104D4000594800785549524A127888544E480068AC
:104D5000302805D15448007851494D4A127888547A
:104D60004C48007801280BD15648007820B94FF400
:104D700088705549088003E04FF4B87052490880A4
:104D80004448007802280BD14E48007820B94FF4EF
:104D900094704D49088003E04FF4C4704A4908807C
:104DA0003C48007803280BD14648007820B94FF4DE
:104DB000A0704549088003E04FF4D0704249088054
:104DC0003448007804280BD13E48007820B94FF4CD
:104DD000AC703D49088003E04FF4DC703A4908802C
:104DE0002C480078012806D106223549364800882B
:104DF000FBF7E8FD05E00522314933480088FBF761
:104E0000E1FD3148008808302F49088005222349F8
:104E10002D48008801E017E10CE0FBF7D3FD2A489C
:104E2000008808302849088005221D492648008846
:104E3000FBF7C8FD17480078401C16490870002091
:104E40001349087013480078052868D1FDF710FE53
:104E50001C48007820B94FF4E8701B49088003E033
:104E60004FF4EC70184908801648007848B90120C2
:104E7000AFF228431022114600900520FEF7CAF930
:104E80002DE023E0C0010020BC010020C50100206E
:104E9000C6010020C4010020D3010020E001002051
:104EA000E8010020F0010020C7010020940000204C
:104EB0008C00002090000020BC0000200004941111
:104EC000D8010020D2010020D60100200120AFF23D
:104ED00080431022114600900520FEF79BF9062220
:104EE000FD49FE480088FBF735FD0120102106230F
:104EF000F94ACDE9001026211820FEF7F6FC2620FD
:104F0000F74908601820F7490860F348F64909781E
:104F1000405CF64908700020F549087094E0F548B7
:104F2000007802280DD101F051FAF348007820B939
:104F30004FF49470E949088003E04FF4C470E749E6
:104F40000880EC48007803280ED100F02BFFEA48D7
:104F5000007828B94FF4A070E049088004E076E0BA
:104F60004FF4D070DD490880E248007804280DD164
:104F7000FDF7AEFDE048007820B94FF4AC70D7499A
:104F8000088003E04FF4DC70D4490880DA480078E8
:104F900048B90120AFF24C5310220021009008467E
:104FA000FEF738F908E00120AFF25C53102200212F
:104FB00000900846FEF72EF90522C749C748008829
:104FC000FBF7C8FCC54800880830C44908800522A2
:104FD000CA49C2480088FBF7BDFCC04800880830B9
:104FE000BE4908800522C649BC480088FBF7B2FCD0
:104FF000012010210523B84ACDE900105020FEF70A
:1050000074FC012010210523BC4ACDE900102021A9
:105010005020FEF76AFC012010210523B84ACDE993
:10502000001030215020FEF760FC1020AC490860D1
:105030005020AC490860A848AB490978405CAB49AE
:1050400008700020AA4908700020A9490870AD48DE
:10505000007802287ED1A748007840BB012000904C
:105060009F480178082320227120FEF709F99C4807
:10507000006810309A4908609B480078401C9A49A3
:1050800008700020A049087095480068402805DD98
:105090000420934908600020934908700020009084
:1050A0008F480178082320227120FEF7E9F8914803
:1050B0000078012800D100E000208E4909780229FB
:1050C00001D1012100E0002108438A490978032920
:1050D00001D1012100E00021084386490978042913
:1050E00001D1012100E00021084300287ED00120E9
:1050F0007B4A009011787B4A107810237B4A127803
:10510000FEF7BEF876480068102805D17748017888
:105110007148754A1278815471480068202805D179
:10512000724800787549704A127888546C48006853
:10513000302805D16D48017871486B4A1278815446
:105140006848006808306749086067480078401C74
:10515000654900E040E3087001206B49087065482C
:10516000007801287ED15E48006830280ED15D4865
:105170000068372818D15B48006808305949086032
:1051800059480078401C584908700DE0554800689F
:105190003F2809D1534800680830524908605248F6
:1051A0000078401C504908704E4800685F2815DBA5
:1051B0004B480068102811D12F204A490860484800
:1051C000006810304649086000204749087044488C
:1051D0000068402802DB102041490860414800680F
:1051E000572817DB3E480068102800E0BEE011D0C9
:1051F0002F203C4908603A48006810303849086060
:1052000000203949087036480068402802DB102029
:105210003349086032480068102805D12E483249C9
:105220000978405C314908702D480068202805D174
:1052300032482D490978405C2C490870284800689C
:10524000302805D12E4828490978405C2749087044
:105250000120234A00901178224A10781023234A13
:10526000127800E001E0FEF70BF8224800780228EF
:1052700001D1012000E000201E490978032901D155
:10528000012100E0002108431A490978042901D1CD
:10529000012100E000210843C0B3124800685828EB
:1052A00009D11048006808300E4908600E4800789F
:1052B000401C0D4908700B48006878282DDB5020F1
:1052C0000849086006480068103005490860002059
:1052D0000549087002481AE0D8010020D6010020D4
:1052E000BC010020C0010020C6010020C701002031
:1052F000D3010020C4010020D2010020E0010020E1
:10530000E8010020D4010020C501002005E000686C
:10531000402802DB1020FE490860FD480068102884
:1053200005D1FC48FC490978405CFC490870F84804
:105330000068202805D1FA48F7490978405CF74908
:105340000870F3480068302805D1F648F24909781A
:10535000405CF24908700120ED4A00901178F24A51
:1053600010781023ED4A1278FDF78AFFEF48007895
:1053700005284AD10120E64A00901178EA4A1078BF
:105380001023E64A1278FDF77BFFE4480178E148F4
:10539000E14A12788154E44800680830E249086024
:1053A000DD480078401CDC4908700120E0490870A5
:1053B000DD480068382809D1DB4800680830DA4940
:1053C0000860D5480078401CD3490870D148D249BC
:1053D0000978405CD1490870D348006840280ADD4C
:1053E0001820D14908600020CB490870C9480978C5
:1053F000405CCA4908700120CB490090087810230E
:10540000C6490A782621FDF73BFFC84800780628E0
:105410007ED10120BE4A00901178C34A1078102333
:10542000BE4A1278FDF72CFFB948006828B9BB487E
:105430000178B848B84A12788154B54800681028F5
:1054400005D1B6480078B649B34A12788854B048B6
:105450000068202805D1B1480178B248AE4A1278D8
:105460008154AB480068302805D1AC480178B14878
:10547000A94A12788154AC4800680830AA490860EB
:10548000A5480078401CA44908700120A84908706C
:105490009F480068E0B9A0480078632809D1A24875
:1054A00000680830A04908609B480078401C9A4971
:1054B00008709948007805280ADB4F209A4908604F
:1054C00093480068103092490860002092490870A3
:1054D0008F48006810281ED18F480078032809D112
:1054E000914800680830904908608B480078401C5B
:1054F000894908708848007805280CDB4F208A49C4
:10550000086083480068103081490860002000E08E
:1055100086E0814908707E48006820281CD17E48BA
:105520000078032809D18048006808307E49086067
:1055300079480078401C7849087077480078052839
:105540000ADB002078490860714800681030704913
:1055500008600720704908706D480068302826D11F
:1055600071480068082805D14F206F490860002065
:105570006949087068480078032809D16A480068BA
:1055800008306949086064480078401C6249087026
:105590006148007805280AD14F20634908605C48BB
:1055A000006810305A49086000205B49087058486C
:1055B0000068402802DB0020554908605448006814
:1055C00028B9544854490978405C544908705048F7
:1055D0000068102805D152484F490978405C4F496E
:1055E00008704B480068202805D14E484A49097880
:1055F000405C4A49087046480068302805D14D484B
:1056000045490978405C454908700120404A0090AE
:105610001178454A10781023404A1278FDF730FE81
:1056200042480078072837D10120394A0090117884
:105630003D4A10781023394A1278FDF721FE374889
:1056400001783748344A1278815437480068083066
:105650003549086030480078401C2F490870012007
:10566000334908702C480078032805D12F202E4993
:105670000860002028490870294827490978405CBB
:1056800026490870012028490090087810232349F2
:105690000A782621FDF7F4FD2448007808287DD1FA
:1056A00001201B4A009011781F4A107810231B4AD2
:1056B0001278FDF7E5FD16480068102805D1174857
:1056C00001781748144A127881541148006820283C
:1056D00005D11248007813490F4A127888540C48B3
:1056E0000068302805D10D48017812480A4A12781E
:1056F00081540D48006808300B490860064800785E
:10570000401C05490870012009490870024813E04F
:10571000BC010020D8010020C6010020C7010020E4
:10572000E0010020E8010020C0010020C4010020A9
:10573000C5010020F0010020007808280ADB3F2086
:105740009749086097480068103096490860002023
:105750009549087093480068402801DB012000E06B
:10576000002091490978082901DB012100E000218E
:10577000084310B110208B4908608A48006810283F
:1057800005D18A4888490978405C8949087085486C
:105790000068202807D18748834900E018E009788D
:1057A000405C834908707F480068302805D18248F2
:1057B0007D490978405C7E4908700120794A009053
:1057C0001178774A10781023794A1278FDF758FD3E
:1057D0004FF4967002F016F97848007801282BD122
:1057E0007748007848BB012000906E480178082374
:1057F00020227120FDF744FD6A4800681030694995
:10580000086069480078401C6749087000206D49AD
:10581000087064480068402805DD0420614908607C
:10582000002061490870002000905E48017808233C
:1058300020227120FDF724FD8BE0012062490870D1
:105840005848006808B9012000E00020554909685F
:10585000102901D1012100E00021084351490968C4
:10586000202901D1012100E0002108434D490968A8
:10587000302901D1012100E0002108435049097875
:10588000062901D1012100E000210840464909789C
:1058900009B9012100E00021434A1278072A01D109
:1058A000012200E0002211430840454909780829F7
:1058B00001D1012100E000213A4A1268102A01D1E9
:1058C000012200E000221140374A12780AB9012271
:1058D00000E000221140084318B33348007850B963
:1058E00033480078202803D12D203149087002E088
:1058F00020202F4908702C48007807281CD12C48FC
:105900000078302806D131202949087001202F491C
:10591000087011E030202649087000202B490870DB
:105920000AE023480078401C2149087008460078A6
:105930003A2801DB30200870012022490870194AFA
:1059400000901178164A10781023194A1278FDF742
:1059500097FC1C480078012803D1002019490870E1
:1059600002E00120174908701548007850B9154821
:10597000007800900B480178082320227120FDF761
:105980007FFC0BE00F480078064A00901178044A2B
:1059900010781023064A1278FDF772FC7CBD0000D7
:1059A000C0010020BC010020C6010020E001002051
:1059B000C7010020E8010020F0010020D4010020F0
:1059C000C4010020C5010020D30100206C0000208C
:1059D00010B5002008490870FEF7F6F97120074954
:1059E000086004200649086001200649087000206C
:1059F0000549087010BD0000C4010020C00100204E
:105A0000BC010020C5010020C601002008B500200F
:105A1000FEF7E2FA012004A310220F2100901520C6
:105A2000FDF7F8FB08BD0000CDA8D1B6B5D8D6B7B4
:105A3000A3BA00001CB50020FEF7CEFA01202CA36B
:105A40001022002100900846FDF7E4FB01202BA363
:105A50001022114600900020FDF7DCFB012025A359
:105A60001022202100900846FDF7D4FB012026A338
:105A70001022302100901520FDF7CCFB012023A33C
:105A80001022302100902620FDF7C4FB01201AA32C
:105A90001022302100904020FDF7BCFB0120102196
:105AA00003461BA2CDE9001030213820FDF71DFF71
:105AB00001200821034617A2CDE90010302108205B
:105AC000FDF713FF01201021032313A2CDE90010DD
:105AD00020210020FDF709FF0120102103460FA21D
:105AE000CDE9001020211820FDF7FFFE1CBD0000AD
:105AF000CEC2B2B9CFB5CAFDA3BA0000CEC2B6C8F5
:105B0000B2B9B3A5A3BA0000CAE40000B3F600001E
:105B100049000000230000003E3335004300000030
:105B200000B587B001210520FEF7D6FCA020ADF816
:105B3000040003208DF8060018208DF8070001A945
:105B40001B48FDF775F94020ADF8040048208DF89A
:105B5000070003208DF8060001A91548FDF768F934
:105B600001210803FEF7B8FC0020ADF808004FF44F
:105B70008270ADF80A000020ADF80C00ADF80E0000
:105B8000ADF810004FF40070ADF812000020ADF831
:105B90001400ADF816000720ADF8180002A905485A
:105BA00000F016F80121034800F006F807B000BD28
:105BB000000801400030014021B1028842F040025B
:105BC000028004E002884FF6BF731A4002807047DB
:105BD00010B50022028802F441520B884C882343FE
:105BE0008C882343CC8823430C8923434C8923434B
:105BF0008C892343CC8923431A430280838B4FF241
:105C0000FF74234083830B8A038210BD024600BFCA
:105C1000108900F002000028FAD0918100BF10899D
:105C200000F001000028FAD09089C0B27047704798
:105C300010B500F001F810BD0CB5002001900090E7
:105C40003348006840F480303149086000BF304874
:105C5000006800F4003000900198401C019000980A
:105C600018B90198B0F5A06FF1D12948006800F487
:105C7000003010B10120009001E000200090009859
:105C8000012843D12348006840F0100021490860F2
:105C90000846006820F0030008600846006840F0ED
:105CA000020008601A484068194948600846406880
:105CB00048600846406840F4806048600846406894
:105CC00020F47C1048600846406840F4E8104860C2
:105CD0000846006840F08070086000BF0C4800680B
:105CE00000F000700028F9D00948406820F0030057
:105CF000074948600846406840F00200486000BF1D
:105D00000348406800F00C000828F9D10CBD0000E1
:105D10000010024000200240042808D14FF0E0218A
:105D2000096941F004014FF0E022116107E04FF0F2
:105D3000E021096921F004014FF0E0221161704770
:105D40007047000010B51348006840F00100114989
:105D5000086008464068104908400E4948600846F7
:105D600000680E4908400B4908600846006820F4A6
:105D7000802008600846406820F4FE0048604FF428
:105D80001F008860FFF754FF4FF00060044908606F
:105D900010BD0000001002400000FFF8FFFFF6FEFB
:105DA00008ED00E01CB50020FEF716F9012012A353
:105DB0001022002100901046FDF72CFA012010213E
:105DC000082311A2CDE900100420FDF78EFD01206B
:105DD000102108230FA2CDE9001020210420FDF797
:105DE00084FD0120102108230DA2CDE900103021EF
:105DF0000420FDF77AFD1CBDCFF2D0DED5FDB2CE7A
:105E0000CAFDA3BA000000003230257E3330253AA7
:105E1000000000003330257E3430253A00000000B9
:105E20003430257E3530253A0000000010B50121C0
:105E30001E4800F08CF8002837D001211B4800F0E4
:105E400077F801201A4908701A480078401C19494F
:105E5000087008460078052805DB012016490870FF
:105E600000201449087015480078401C1349087038
:105E700008460078962805DB0120114908700020AB
:105E80000E4908700F48007878B10F480078032851
:105E900006DB01200D49087000200B49087004E062
:105EA00009480078401C0849087010BD00080040EF
:105EB000D3000020D6000020D2000020D100002016
:105EC000D5000020CF000020D0000020D40000200A
:105ED0007FB505460C4601210420FEF7EDFAADF82A
:105EE0000850ADF804400020ADF80A00ADF80600F7
:105EF00001A90E4800F046F8012211460B4800F0B7
:105F000037F81E208DF8000000208DF801000220D7
:105F10008DF8020001208DF803006846FEF708F8AE
:105F20000121024800F007F87FBD00000008004092
:105F3000CA430282704721B1028842F00102028006
:105F400004E002884FF6FE731A400280704730B5B5
:105F50000246002000230024158A05EA01039589E2
:105F600005EA010413B10CB1012000E0002030BDAE
:105F70001AB183890B43838102E083898B43838138
:105F800070470000002202881D4B98420ED01D4B26
:105F900098420BD0B0F1804F08D01B4B984205D0EF
:105FA0001A4B984202D01A4B984204D14FF68F7385
:105FB0001A404B881A43174B984207D0164B984209
:105FC00004D04FF6FF431A40CB881A4302808B88D7
:105FD00083850B8803850A4B98420BD0094B984266
:105FE00008D00E4B984205D00D4B984202D00D4B75
:105FF000984201D10B7A0386012383827047000007
:10600000002C014000340140000400400008004022
:10601000000C00400010004000140040004001400F
:10602000004401400048014010B50446012C18D13D
:10603000102000F0EBF8202000F0E8F8202000F01D
:10604000E5F82F2000F0E2F8502000F0DFF81020F3
:1060500000F0DCF8102000F0D9F86A2000F0D6F843
:1060600019E0022C17D1102000F0D0F8202000F009
:10607000CDF8202000F0CAF82F2000F0C7F85020FB
:1060800000F0C4F8102000F0C1F8102000F0BEF8B5
:106090004A2000F0BBF810BD002001E0411C88B28E
:1060A0000528FBDB7047000010B51448007828B1C4
:1060B0004FF480611248FCF74FFF04E04FF4006199
:1060C0000F48FCF749FF012001F0C2FC00F01AF86C
:1060D0000446240200F016F80444240200F012F8EA
:1060E00004444FF480610648FCF738FF4FF4006128
:1060F0000348FCF733FF204610BD00000B020020D0
:10610000000C014070B5002400251AE04FF4005146
:106110000E48FCF721FFFFF7BFFF6006040E4FF4A7
:1061200080410A48FCF70FFF012801D1601CC4B26E
:106130004FF400510548FCF711FFFFF7ADFF681C55
:10614000C5B2082DE2DB204670BD0000000C014006
:1061500070B5044600251FE004F0800028B14FF41C
:1061600000410F48FCF7FAFE04E04FF400410C48F0
:10617000FCF7F2FE4FF400510948FCF7EDFE600613
:10618000040EFFF789FF4FF400510548FCF7E6FEC7
:10619000FFF782FF681CC5B2082DDDDB70BD000073
:1061A000000C014010B5002413E01348007838B10A
:1061B0004FF480711148FCF7C6FE48B9012010BDAC
:1061C0004FF400710D48FCF7BEFE08B90120F6E758
:1061D000641C0B488442E8D384420BD30020094955
:1061E000087001F045F808480078401C064908701E
:1061F0000020E4E700BFE2E70B020020000C0140B2
:1062000070110100090200200A02002010B50446A6
:106210000D48007828B14FF480610C48FCF79CFED3
:1062200004E04FF400610948FCF796FE2046FFF7B2
:106230008FFF4FF400610548FCF790FE4FF480613A
:106240000248FCF78BFE10BD0B020020000C014041
:1062500008B501210820FEF73FF94FF43C40ADF8A6
:10626000000010208DF8030003208DF8020069461D
:106270000C48FCF7DDFD4FF48640ADF8000004202B
:106280008DF8030069460748FCF7D2FD4FF47051C2
:106290000448FCF763FE00F0EBFF01210720FCF748
:1062A000DDFE08BD000C01402DE9F04F8DB08346A6
:1062B00032493348CDE9081000213248CDE90A10AF
:1062C0004FF00008DFF8C090584602F032FCCDE9EC
:1062D0000601DDE9082302F057FC04460D4622467C
:1062E0002B46DDE90A0102F03FFE06460F4600227A
:1062F000264B3046394602F047FC00221346CDE9D2
:10630000040102F069F900221346CDE9060102F00A
:1063100077FB1DD042464B462046294602F034FC0E
:1063200032463B46CDE9000102F012FA0022174B3B
:10633000CDE9020102F028FC00221346CDE9040158
:1063400002F04AF9CDE9060102F096FB824610E020
:1063500042464B462046294602F016FC00220C4BD2
:10636000CDE9040102F0F4F9CDE9060102F084FB65
:10637000824650460DB0BDE8F08F0000DDD1E9FF48
:10638000FFFF833E0000044000408F400000594062
:106390000000F03F01460B48814208DB091A01EB7F
:1063A000810041004FF4C27091FBF0F107E0054815
:1063B000411A01EB81004100034891FBF0F108B262
:1063C00070470000A08601007CFEFFFF1CB5002086
:1063D000FDF702FE012012A31022002100901046BA
:1063E000FCF718FF01201021082311A2CDE90010AD
:1063F0000420FDF77AFA0120102108230FA2CDE92D
:10640000001020210420FDF770FA0120102108233C
:106410000DA2CDE9001030210420FDF766FA1CBD65
:10642000CFF2D0DED5FDB2CECAFDA3BA0000000087
:106430003035257E3130253A000000003130257E90
:106440003135253A000000003135257E3230253ABD
:10645000000000003A49098801F02001002961D0BC
:106460003749091D0988C8B2022806D1354909787B
:1064700019B90121334A117060E0032807D131496D
:106480000978012903D102212E4A117056E004280F
:1064900007D12C490978022903D10321294A117017
:1064A0004CE02849097802290EDD26490978062999
:1064B0000ADA24490978C91E234A50542149097827
:1064C000491C204A117039E01E490978062905D176
:1064D0001C490978491C1B4A11702FE01949097899
:1064E000072905D117490978491C164A117025E07A
:1064F00014490978082921D11349097842F2107208
:106500005143114A527802EBC20303EB021201EB32
:1065100082010D4A927811440C4A11800021094AE7
:1065200011700BE00649098801F0100131B10449EE
:10653000091D0988C8B20121054A91717047000000
:1065400000380140260200202002002030020020F6
:106550003402002021B1828942F40052828104E099
:1065600082894DF6FF731A4082817047F0B5034669
:10657000002400260025002040F66A17B94200D109
:1065800000BF1846C1F3421401F01F06012707FAA5
:1065900006F5012C01D10C3004E0022C01D11030A1
:1065A00000E014301AB107682F43076002E0076863
:1065B000AF430760F0BD00002DE9F04786B0054607
:1065C0000E460024A24600BFA1460027B08900B1B4
:1065D00000BF2F462C8A4CF6FF700440F08804431D
:1065E0002C82AC894EF6F3100440B0883189084300
:1065F000718908430443AC81AC8A4FF6FF400440E4
:10660000B0890443AC8201A8FDF776FF1F4887429A
:1066100002D1DDF810A001E0DDF80CA0A88900F49B
:10662000004040B10AEBCA0000EB0A103168490093
:10663000B0FBF1F807E00AEBCA0000EB0A10316882
:106640008900B0FBF1F86420B8FBF0F004012009E8
:10665000642101FB1089A88900F4004040B1322078
:1066600000EBC900B0FBF1F000F00700044308E0C4
:10667000322000EB09106421B0FBF1F000F00F00B4
:1066800004432C8106B0BDE8F087000000380140CB
:1066900000BFFEE72DE9FF4782465C4800686421A1
:1066A00090FBF1F05A49096891FBF0F059490988CB
:1066B000594A1288891A594A126811444843642178
:1066C00090FBF1F08244BAF1000F47DB504602F034
:1066D00030FA04460D464E48006800B34B48006847
:1066E00002F027FACDE9020149490968084602F09B
:1066F00020FA06460F46002213462046294602F09D
:1067000033FC804632463B4602F022F8CDE90001D8
:10671000DDE9022302F038FA04460D4618E03B4852
:10672000006802F006FA06460F460022134620468D
:10673000294602F019FC0022394BCDE9020102F092
:1067400007F8804632463B4602F01EFA04460D46E4
:106750002046294602F090F9824652E0BAF1000F35
:106760004DDA6FEA0A00401C02F0E3F904460D46D8
:106770002748006800B32548006802F0DAF9CDE93F
:10678000020123490968084602F0D3F906460F467C
:10679000002213462046294602F0E6FB8046324698
:1067A0003B4601F0D5FFCDE90001DDE9022302F00F
:1067B000EBF904460D4618E01448006802F0B9F9F8
:1067C00006460F46002213462046294602F0CCFB1F
:1067D0000022134BCDE9020101F0BAFF8046324698
:1067E0003B4602F0D1F904460D462046294602F008
:1067F00043F982466FEA0A0000F1010A01E04FF016
:10680000000A504604B0BDE8F08700009000002068
:106810008C0000207400002072000020E4000020A2
:106820000000F03F01461D48006808441B4A106004
:106830000BE01A480068A0F58C405038174A1060E9
:1068400017480068401C164A10601448006844F25B
:1068500050629042EDDC0BE01048006844F2506258
:1068600010440E4A10600E480068401E0C4A10602A
:106870000A4800680B4A9042EEDB094800680A4A61
:10688000904204DC064800685242904202DA00203E
:10689000034A10600248006870470000DC000020D6
:1068A00058000020B0B9FFFF3F420F002DE9F04F24
:1068B00093B08246FD480068642190FBF1F0FC49EA
:1068C000096891FBF0F0FB490988FB4A1288891A94
:1068D000FA4A126811444843642190FBF1F0824463
:1068E000F74800684043F24909684843642190FB37
:1068F000F1F000284CD0EE48006802F01AF9CDE91A
:106900000C01EF48006802F014F9CDE90401EC48ED
:10691000006802F00EF9CDE90201DDE9042302F07E
:1069200033F9CDE90801E748008802F019F900229F
:10693000E54BCDE9000102F027F9CDE90401E1487A
:10694000008802F00DF90022DF4BCDE9000102F0D2
:106950001BF9CDE90201DDE9042302F015F9CDE9C7
:106960000601DDE9082301F0F3FECDE90A01DDE9C6
:106970000C2302F009F90022D44BCDE90E0101F0FD
:10698000E7FECDE9100102F003FE06460F4627E0C0
:10699000CC48008802F0E4F80022CB4BCDE9080196
:1069A00002F0F2F8CDE90C01C648008802F0D8F8F0
:1069B0000022C54BCDE9080102F0E6F8CDE90A0155
:1069C000DDE90C2302F0E0F80022C14BCDE90E0115
:1069D00001F0BEFECDE9100102F0DAFD06460F46D9
:1069E000BC4800684043B249096848436FF06301FE
:1069F00090FBF1F000284CD0AD48006802F099F807
:106A0000CDE90C01B348006802F093F8CDE9040128
:106A1000B048006802F08DF8CDE90201DDE90423F9
:106A200002F0B2F8CDE90801AB48008802F098F80E
:106A30000022A54BCDE9000102F0A6F8CDE9040142
:106A4000A548008802F08CF800229F4BCDE9000198
:106A500002F09AF8CDE90201DDE9042302F094F88E
:106A6000CDE90601DDE9082301F072FECDE90A0156
:106A7000DDE90C2302F088F80022984BCDE90E01E5
:106A800001F066FECDE9100102F082FD80468946E4
:106A900027E09148008802F063F800228A4BCDE994
:106AA000080102F071F8CDE90C018B48008802F072
:106AB00057F80022844BCDE9080102F065F8CDE9D2
:106AC0000A01DDE90C2302F05FF80022804BCDE9DA
:106AD0000E0101F03DFECDE9100102F059FD8046A6
:106AE00089464FEAEA70B6EB0A0177EB00006EDAEE
:106AF000504602F01EF804460D466D48006840B34B
:106B00006B490968084602F014F800221346CDE9E3
:106B10000A012046294602F027FACDE90801DDE9FD
:106B20000A2301F015FECDE90C0101F0DFFCCDE9EF
:106B300010016349096801EB8101480001F0F9FF88
:106B4000CDE90E01DDE9102302F01EF804460D46E2
:106B500020E0002213462046294602F005FA0022D2
:106B60005B4BCDE90A0101F0F3FDCDE90C0101F029
:106B7000BDFCCDE910015249096801EB81014800D3
:106B800001F0D7FFCDE90E01DDE9102301F0FCFF94
:106B900004460D464A49086800EBD0714910B9B166
:106BA0004748D0F800B00BEBDB71481001F0C1FF93
:106BB00002460B46CDE90E012046294601F0C8FDEC
:106BC000CDE9100101F088FF454908700CE038E07C
:106BD00000223F4B2046294601F0BAFDCDE91001C5
:106BE00001F07AFF3E4908703D48007803280FDD28
:106BF0003B490978081D00EBD071C1F34701384AC1
:106C0000117010460078092802DD0920114608702D
:106C10003449334A127831F8120001F0A1FF2246BC
:106C20002B46CDE90C0101F0AFFF00222E4BCDE940
:106C30000E0101F08DFDCDE9100101F01DFF82462E
:106C4000DAE04FEAEA70BAEB080170EB09007DDA8E
:106C50006FEA0A00401C01F06CFF04460D46144820
:106C6000006810B312490968084601F062FF00226B
:106C70001346CDE90A012046294602F075F9CDE90F
:106C80000801DDE90A2301F063FDCDE90C0101F003
:106C90002DFCCDE910010F49096801EB8101480085
:106CA00001F047FFCDE90E0120E026E09000002032
:106CB0008C0000207400002072000020E4000020FE
:106CC000840000207600002000002440000059408D
:106CD0000000F03F8800002078000020000059C02C
:106CE000E00000203C02002000408F40DDE910233E
:106CF00001F04AFF04460D4620E0002213462046DC
:106D0000294602F031F900223F4BCDE90A0101F09A
:106D10001FFDCDE90C0101F0E9FBCDE910013B4974
:106D2000096801EB8101480001F003FFCDE90E0184
:106D3000DDE9102301F028FF04460D4633490868B9
:106D400000EBD0714910C1B1304800E052E0D0F8FA
:106D500000B00BEBDB71481001F0EBFE02460B4676
:106D6000CDE90E012046294601F0F2FCCDE91001E3
:106D700001F0B2FE264908700BE00022224B2046AB
:106D8000294601F0E5FCCDE9100101F0A5FE2049FE
:106D900008701F48007803280FDD1D490978081D79
:106DA00000EBD071C1F34701194A11701046007809
:106DB000092802DD0920114608701649144A127884
:106DC00031F8120001F0CCFE22462B46CDE90C0131
:106DD00001F0DAFE0022104BCDE90E0101F0B8FC03
:106DE000CDE9100101F048FE82466FEA0A0000F189
:106DF000010A01E04FF0000A0848C0F800A0504620
:106E000013B0BDE8F08F00000000F03F88000020C4
:106E1000E00000205002002000408F405C00002075
:106E20002DE9F04F89B00446002007900690814676
:106E30002046FFF739FA0446544804602046FFF71D
:106E4000A9FA0446524804605248B0F900000444CC
:106E500014F5167F02DBB4F57A7F07DDFA244E487D
:106E6000007840F001004C49087005E04A4800787D
:106E700020F0010048490870002C08DD47480090C8
:106E8000012204212046079BFDF72FF808E0434824
:106E900001231A4604210090E043401CFDF725F829
:106EA000A1463F48B0F9000006903D48008868B10F
:106EB0003B48B0F9000060433949B1F90010FA22AB
:106EC00002FB1100642190FBF1F400E0002435483E
:106ED0000088C8B1B9F5AF7F16DDB9F5AF7F0FDD1A
:106EE0003048B0F900002E49B1F9001048434FF482
:106EF0007A7190FBF1F1A9F5AF7000FB014403E05A
:106F0000642099FBF0F004442148006801F011FE70
:106F100005460022244B02F027F8CDE90001234862
:106F2000006801F006FE07460022214B01F010FC2C
:106F3000054600221F4B01F027FE8246DDE90023B3
:106F400001F022FE1C4A1D4BCDE9020101F01CFE9E
:106F5000CDE9040101F090FD194908601948046069
:106F600004F0004020B1E043441C0120079001E000
:106F70000020079014480090002204212046079B1F
:106F8000FCF7B3FF204609B0BDE8F08FE800002011
:106F9000640000207C00002053000020130000202B
:106FA0007A0000207E00002000406F40600000203A
:106FB00000408F400000F43F567DAEB6627F993F9F
:106FC000EC000020E40000201B00002038B504463F
:106FD0000948241A04F0004018B1E043441C01257C
:106FE00000E000250548EBB2002207210090204672
:106FF000FCF77BFF38BD0000FFFF7F00330000205F
:107000002DE9F84304464FF000088A48241AB4F5E5
:10701000000F02DB241AE443641C8748874909787F
:1070200040F821408648007801281FDB824800682C
:107030008149496808448049896808447E49C9688B
:1070400008447D49096908447B49496908447A49EB
:10705000896908447849C96908447749096A084434
:107060007549496A08440A2190FBF1F47348007895
:10707000401C7249087008460078092809DD002084
:10708000087001206E4908706E480078401C6D49F8
:1070900008706D486B49097840F8214068480078CD
:1070A00002281FD16448006863494968084462495E
:1070B000896808446049C96808445F490969084407
:1070C0005D49496908445C49896908445A49C96964
:1070D00008445949096A08445749496A08440A2139
:1070E00090FBF1F457480078401C56490870084658
:1070F0000078092804DD002008700220504908703B
:107100004D4800684C49496A88421ED14A48806807
:107110004949C968884218D14748006946494969C0
:10712000884212D1444880694349C96988420CD1D8
:107130004148006A40494968884206D1434800787E
:1071400040F002004149087005E04048007820F016
:1071500002003E49087027462046FFF7A7FB044679
:10716000254604F0004018B1E043441C012600E02D
:107170000026374884420BDD0A2094FBF0F43548A2
:1071800033460222072100902046FCF7AEFE07E0BE
:10719000304833460322072100902046FCF7A5FE25
:1071A0002846FBF7D9FC2C462B48007898B120469E
:1071B000FFF738FB044604F0004018B1E043441CDC
:1071C000012600E0002625483346032207210090CF
:1071D0002046FCF78AFE3C462046FFF75BFA044651
:1071E0001F48046004F0004018B1E043441C01262D
:1071F00000E000261B48334603220721009020466A
:10720000FCF773FE1848048844F25060844206DD9F
:107210001548008848F604510C1A012600E00026A3
:10722000124833460222052100902046FCF75DFEFD
:10723000BDE8F883FFFF7F0064020020C500002046
:10724000C4000020C60000208C0200205300002053
:107250003F420F0023000020D10100202B0000201E
:10726000600000203B000020300200204B00002086
:1072700010B54FF480510E48FBF76EFE4FF4FA70D4
:1072800000F0C0FB4FF480510948FBF767FE4FF454
:10729000FA7000F0B7FB012006490870FEF7C4FE43
:1072A0000020044908700220FEF7BEFE10BD000059
:1072B000000C01400B020020490050EAC12018BF19
:1072C00004204A0D18BF40F0010040F2FF72B2EBFB
:1072D000515F08BF40F00200012808BF0520704739
:1072E0002DE9F74F144694B00021C4E90211159915
:1072F000079121F00045C9498D4206DC1599C4E982
:10730000000117B00020BDE8F08FC549DFF814A3D5
:10731000A9423CDD0799C44E0029C44FC44A1599BF
:10732000534619DD01F020FE554506D0C14AC24B37
:1073300001F01AFEC4E900010AE04FF0D352BE4B3F
:1073400001F012FE32463B4601F00EFEC4E9000198
:1073500017B00120BDE8F08F01F03EF9554506D089
:10736000B44AB54B01F038F9C4E900010AE04FF026
:10737000D352B14B01F030F932463B4601F02CF9C3
:10738000C4E9000117B04FF0FF30BDE8F08FAB4902
:10739000A942159978DB21F0004183468846A84A26
:1073A000A84B01F0F1FB0022A74B01F015F901F009
:1073B00063FB099001F0BDFB06460F469C4A53460D
:1073C00001F0E2FB43465A4601F0DCFC80468A4667
:1073D000984A994B3046394601F0D6FB2A0D0125D3
:1073E0000B924246534601F0CDFC032DC4E9000147
:1073F00039D00B98C1F30A51401A05EB45111139E8
:10740000814230DA9148C346784400EB0510CDF84C
:107410000CA00C90D0E900233046394601F0B4FBB3
:1074200002460B46049106905846039901F09CFDD4
:1074300080468A4602460B465846039901F094FD61
:10744000049B069A01F090FD83460C9803913946FF
:10745000D0E90223304601F097FB5A46039B01F026
:1074600083FD6D1CBDE707980028A2BF099817B0DF
:10747000BDE8F08F616881F000416160099817B044
:107480004042BDE8F08FFFE784461598C1F3130131
:10749000C0F30A50A0F2F5304FEA601800F01F0662
:1074A000C6F12000139000200690079041F4801E42
:1074B00005206D4676B1664A08EB00017A4452F821
:1074C000213002EB8101B3404A68139922FA01F19D
:1074D000194305E05F4908EB0002794451F8221096
:1074E000A1FB0E27A1FB0C131A449A4234BF0123BF
:1074F000002303EB070A05EB8003D3E901B70F4430
:107500008F4234BF0121002193448B4411B1934534
:1075100002D903E0934501D2012100E00021C3E933
:1075200001B7514445F82010011EA0F10100C1DC53
:107530000298059F00F10050800F12900298DDE93B
:107540000356800001F0F5FA834628460D9101F0BC
:1075500007FB6FF01D0202F0AEF8CDE90E013046D8
:1075600001F0FEFA6FF03D0202F0A5F880468A466F
:10757000384601F0F5FA6FF05D0202F09CF807461C
:1075800042465346119101F027F8DDE90E2301F040
:1075900023F85A460D9B01F01FF800250E465A4667
:1075A00028460D9B01F0E0FCDDE90E2301F0DCFC38
:1075B0004246534601F0D8FC3A46119B01F0E2FBEB
:1075C000DFF898A0244A534601F0DEFA07468846C1
:1075D000234A244B3146284601F0D6FA3A46434620
:1075E00000F0FAFF074688464FF0A842534631465E
:1075F000284601F0C9FA3A46434600F0EDFF159AD5
:1076000012F0004F04D0129A81F0004152421292BF
:10761000C4E90001129817B0BDE8F08FFB21E93FE3
:107620007CD90240FB21F93F7370032E8A19A33BDA
:10763000000040543163621A61B4D03DFB213941EE
:1076400083C8C96D305FE43F0000E03F8442000022
:1076500000420000E2410000182D4454FB21F93D96
:107660003326A611460B113C2DE9FF4D21F00048B1
:1076700007460C46B8F1795F08DA01F0FDF90028F9
:1076800001BF0020324904B0BDE8F08D3A462346E0
:107690001046194601F078FA054602462D480E4676
:1076A0000B460621784400F05DF82A46334601F087
:1076B0006BFADDE9022382468B463846214601F00B
:1076C00063FA04460F4652465B462846314601F0AF
:1076D0005BFA22463B4601F047FC07468A464FF0DC
:1076E000FF322846314601F0E6FF1B4A90450ADA90
:1076F0003A46534601F038FC04B00022BDE8F04D94
:10770000134B01F03FBB154A4245A8BFA8F5001531
:107710004FF00004B8BF124D22462B4601F024FC66
:107720000646884622462B460020094901F01CFCEB
:1077300004460D463A4653463046414601F014FC95
:1077400004B022462B46BDE8F04D01F01BBB000003
:107750000000F03FB83F00003333D33F0000E93F63
:107760000000D23F2DE9F0414F1E00EBC701044657
:10777000D1E9000115461E4637F006020DD02A4613
:10778000334601F001FA7F1E04EBC703D3E900235F
:1077900000F022FF37F00602F1D1022F25D0042F8E
:1077A00013D0062F18BFBDE8F0812A46334601F0FA
:1077B000EBF9D4E90A2300F00FFF2A46334601F023
:1077C000E3F9D4E9082300F007FF2A46334601F025
:1077D000DBF9D4E9062300F0FFFE2A46334601F028
:1077E000D3F9D4E9042300F0F7FE2A46334601F02A
:1077F000CBF9D4E9022300F0EFFE2A46334601F02C
:10780000C3F9D4E90023BDE8F04100F0E5BE000073
:107810002DE9FF4D054621F0004084B00C46B0F143
:10782000795F0BDA2846FFF747FD042808BF00F010
:107830006FF8284608B02146BDE8F08D2A460B4671
:10784000104601F0A1F906460F462A46234601F0EC
:107850009BF9804626488A4632463B4605217844B5
:10786000FFF780FF83461098029160B3214A224BB4
:107870004046514601F088F9CDE900015A4640469C
:107880005146029B01F080F982468846DDE90601F7
:107890004FF0FF3201F00FFF5246434601F064FB08
:1078A00032463B4601F070F9DDE9062301F05CFB4E
:1078B000DDE9002301F058FB08B02A462346BDE865
:1078C000F04D01F05FBA0B465A463046394601F09A
:1078D0005BF9084A084B00F07FFE4246534601F030
:1078E00053F908B02A462346BDE8F04D00F074BEB7
:1078F000F63E0000495555555555C5BF012201F0CA
:10790000DABE002213461046114600F021BF0000E7
:10791000024A0020110701F0CEBE000001FDFFFF6A
:1079200000BF704700B5244B21F0004287B09A4257
:10793000DCBF0022134629DD204B9A4208D140B912
:107940004FF00100F8F751FDFFF7DBFF07B000BD76
:1079500003DBFFF7D3FF07B000BD02AAFFF7C0FCAF
:1079600010F0030104BF0DF1080C9CE80F000DD0CE
:10797000012001290ED0022914D00DF1080C00902D
:107980009CE80F00FFF744FF07B000BDFFF76CFE57
:1079900007B000BD0DF1080C00909CE80F00FFF748
:1079A00037FF05E00DF1080C9CE80F00FFF75CFEC7
:1079B00007B081F0004100BDFB21E93F0000F07FEE
:1079C00010B56FF00400FEF7A7F90A4800680A49ED
:1079D000B0FBF1F0094908700846007800EB40015F
:1079E000C1EBC0104FF6FF7101EAC00004490880E6
:1079F00010BD0000A400002000127A00B800002092
:107A0000BA0000200146114A12884A434FF0E02391
:107A10005A6100229A611A46126942F001021A6103
:107A200000BF4FF0E022106900F001021AB100F42B
:107A30008032002AF5D04FF0E022126922F00102D4
:107A40004FF0E0231A6100229A617047BA000020CB
:107A50000146114A12784A434FF0E0235A6100224E
:107A60009A611A46126942F001021A6100BF4FF092
:107A7000E022106900F001021AB100F48032002AFD
:107A8000F5D04FF0E022126922F001024FF0E0231E
:107A90001A6100229A617047B800002086B0002663
:107AA0000027B046F6A103C9CDE9040100BFFFF7E6
:107AB00087FFFCF7E5FA0120F3A320220F210090B5
:107AC0000020FBF7A7FB4FF4A060FCF769FA4FF426
:107AD000165000F031FDFCF7A9FC4FF4964000F081
:107AE0002BFDFCF7D7F8FCF789F8F8F7DFFCFBF77C
:107AF000DDF8FEF7ADFBFAF797FC0120E5490870C9
:107B0000002541F61F4140F2CF70FEF7E1F9002059
:107B100008231A4607210090F9F766FF0120DE4985
:107B20000870FBE3DDA103C9CDE90201DD48FAF7E6
:107B3000E9FBDD49087008460078002836D0D948AE
:107B400000784F281FD1D7484078552801D101200F
:107B500000E00020D3498978542901D1012100E0B7
:107B600000210840F8B1F8F793FF0120CA490870D6
:107B70000026FAF759FC0020CC490870CC4908705F
:107B8000CC49087012E0C748007824280CD1C548B9
:107B9000407859280AD10220BF4908700520FFF714
:107BA00031FFF9F7BDF801E0FAF718F8BA480078A4
:107BB00002287DDABF480078012879D1FCF734F833
:107BC000BD49087008460078042828D1BB480078D1
:107BD00040B90120B94908700020B9490870B94975
:107BE000087069E3B64800780028FAD00020B4494C
:107BF0000870B2490870A8480078012805D1002013
:107C0000A5490870FDF7E4FE56E3F8F741FF0120AF
:107C1000A149087000260025FAF706FC4CE3A748A6
:107C2000007810B10020A54908709B480078012811
:107C300077D1A148007808B9012000E00020032F87
:107C400001D1012100E00021084058B100209E49E7
:107C50000870012D03DB0025FAF7E6FB02E00125A1
:107C6000FAF746FCBDB194480078022813D1964833
:107C700090F900001E280BDD94480078401E40B2A9
:107C800092490870FAF734FC904890F9004002E0FD
:107C900000208D4908701DB38748007801281FD146
:107CA000894890F900001E2814DD8848007800E01B
:107CB0008EE3401C40B285490870084690F90000E8
:107CC000002801DD00200870FAF712FC7F4890F9C7
:107CD000004005E07C480078401C40B27A490870BA
:107CE0007B48007802287DD1002079490870002D5A
:107CF0007FD1012010210823764ACDE9001003210D
:107D00002220FBF7F2FD6348007858B101201021D2
:107D10000823714ACDE9001018212220FBF7E5FD68
:107D20000AE0C7E20020102108236B4ACDE90010C9
:107D300018212220FBF7D9FD6848006850B90120BE
:107D400010210823664ACDE900102D212220FBF7DF
:107D5000CCFD09E0012010210823624ACDE9001082
:107D60002D212220FBF7C1FD53480078012805D1C1
:107D70005D480078401C5C49087002E000205A49C8
:107D800008704D480078062805D158480078401CF6
:107D90005649087002E000205449087046480078AF
:107DA000052805D152480078401C5149087002E06E
:107DB00000204F4908704C4800780F2805D14D48E5
:107DC0000068401C08B1FAF7C1F947480078032859
:107DD00005D148480068401C08B9FAF725FA43481D
:107DE000007801E05EE204E0052801D1FBF7CAFF5C
:107DF0005DE2354890F900001E2840DA012010218C
:107E000005233D4ACDE900100420FBF76EFD3948FB
:107E10000068401CA8B9012008210523374ACDE994
:107E2000001010214520FBF760FD012008210523EB
:107E3000CDE900103248182102684520FBF794FC78
:107E400008E00120102105232C4ACDE9001045202F
:107E5000FBF74BFD012008210B461E4ACDE900101F
:107E600025210320FBF741FD012008210B461D4A77
:107E7000CDE9001025214420FBF737FD17E241E052
:107E80000000323030302E30C1F7C1BFD2C7B1ED63
:107E900000000000D1010020A1000020203030307F
:107EA0002E3030309900002098000020D1000020B2
:107EB000D5000020D3000020D0010020CF000020FA
:107EC000D4000020D00000206E0000206D000020B3
:107ED00068000020230000202B0000205C00002010
:107EE000430000203B000020690000206A000020C1
:107EF0006B00002094000020130000201B000020D5
:107F0000EC000020062C13DA002C11DB01200821E4
:107F1000CDE900102046621C54B200EB8000400006
:107F2000C01CC1B20823FE4A4B20FBF7DEFC01E077
:107F3000601C44B2062C13DA002C11DB012008214E
:107F4000CDE900102046621C54B200EB80004000D6
:107F5000C01CC1B20523F34A4B20FBF7C6FC01E06D
:107F6000601C44B2062C13DA002C11DB012008211E
:107F7000CDE900102046621C54B200EB80004000A6
:107F8000C01CC1B20523E84A4B20FBF7AEFC01E060
:107F9000601C44B2062C13DA002C11DB01200821EE
:107FA000CDE900102046621C54B200EB8000400076
:107FB000C01CC1B20823DD4A4B20FBF796FC01E050
:107FC000601C44B2062C14DA002C12DB01200821BC
:107FD000CDE900102046621C54B200EB8000400046
:107FE000C01CC1B20623D24802685120FBF7FAFB3D
:107FF00001E0601C44B2062C13DA002C11DB0120D6
:108000000821CDE900102046621C54B200EB80002C
:108010004000C01CC1B20623C64A4B20FBF765FCDA
:1080200001E0601C44B2062C14DA002C12DB0120A3
:108030000821CDE900102046621C54B200EB8000FC
:108040004000C01CC1B20323BB4802684B20FBF7B1
:108050008BFB01E0601C44B2062C13DA002C11DB10
:1080600001200821CDE900102046621C54B200EB2B
:1080700080004000C01CC1B20823B04A4B20FBF76F
:1080800034FC01E0601C44B2062C14DA002C12DB34
:1080900001200821CDE900102046621C54B200EBFB
:1080A00080004000C01CC1B20323A54802784B20C9
:1080B000FBF75AFB01E0601C44B2062C16DA002CD8
:1080C00014DB01200821CDE900109E48007800F063
:1080D00007022046631C5CB200EB80004000C01C1D
:1080E000C1B201235720FBF73FFB01E0601C44B203
:1080F000062C16DA002C14DB01200821CDE9001033
:1081000090480078C0F302122046631C5CB200EB7A
:1081100080004000C01CC1B201235720FBF724FBA4
:1081200001E0601C44B2062C16DA002C14DB01209E
:108130000821CDE9001083480068C0F307422046BB
:10814000631C5CB200EB80004000C01CC1B2032382
:108150004B20FBF709FB01E0601C44B2062C15DA4A
:10816000002C13DB01200821CDE9001075480068C0
:10817000020E2046631C5CB200EB80004000C01C75
:10818000C1B203234B20FBF7EFFA01E0601C44B2BD
:10819000062C16DA002C14DB01200821CDE9001092
:1081A000684818380068C2B22046631C5CB200EB15
:1081B00080004000C01CC1B203234B20FBF7D4FA5F
:1081C00001E0601C44B2062C17DA002C15DB0120FC
:1081D0000821CDE900105B480C38006800F003026C
:1081E0002046631C5CB200EB80004000C01CC1B2A2
:1081F00001235720FBF7B8FA01E0601C44B2062CBB
:1082000015DA002C13DB01200821CDE900104E48BF
:10821000008882B22046631C5CB200EB8000400004
:10822000C01CC1B208234520FBF79EFA01E0601C88
:1082300044B2062C16DA002C14DB01200821CDE90B
:108240000010414808300068020C2046631C5CB2F4
:1082500000EB80004000C01CC1B208234520FBF7A2
:1082600083FA01E0601C44B2062C15DA002C13DB03
:1082700001200821CDE9001033480830026820466B
:10828000631C5CB200EB80004000C01CC1B208233C
:108290004520FBF769FA01E0601C44B22B4890F9D5
:1082A000004004E02A480078401C29490870294809
:1082B000077801E0FCF7B6F927480078012876D165
:1082C000FBF7D0FD2548007820B1FBF7F9FC002032
:1082D00022490870701CC6B2FF2E00DB00268DF804
:1082E00010601F480068642190FBF1F0000A8DF8CF
:1082F00012001B48006890FBF1F0C0B28DF813002B
:1083000018480068000E8DF8140016480068000C2C
:108310008DF8150013480088000A25E05DE0000094
:108320000B000020130000201B0000203300002061
:10833000E80000204B00002004020020F80100208B
:108340000A02002018640040E0F7FF1F6D000020C3
:1083500068000020D0010020A1000020D5000020EE
:108360005C000020580000208DF816001C480078A2
:108370008DF81700082204A91A480068F9F7ECFFE5
:108380000822194917480068F9F7E6FF17480068FE
:1083900070B90020164908704FF0010802201549F5
:1083A00008701548007802280FD1FBF7EBFC0CE0B1
:1083B00001200F490870B8F1010F01D1FBF7E2FC71
:1083C0004FF0000802200B49087000200B4908708C
:1083D0004AF6AA200A49086000BFFFF7A3BB0000C5
:1083E00058000020BC0000203B0000203401224245
:1083F000D101002068000020D0010020D30000201F
:108400000030004010B50246002000BF0CE000BF65
:10841000074B1B8803F04003002BF9D0135C044C7E
:10842000241D2380431C98B28842F0DB10BD00005D
:108430000038014010B50246012000E050430B0017
:10844000A1F10104E1B2F9D110BD000000B5254B46
:1084500021F0004287B09A4203DC002213460092CA
:108460002BE0214B9A4208D140B94FF00100F7F7B9
:10847000BCFFFFF746FA07B000BD03DBFFF73EFA8B
:1084800007B000BD02AAFEF72BFF10F003014FF06A
:1084900001000DD0012914D002291AD00DF1080CC9
:1084A0009CE80F00FFF7E0F807B081F0004100BD45
:1084B0000DF1080C00909CE80F00FFF7A9F907B038
:1084C00000BD0DF1080C9CE80F00FFF7CDF807B0D8
:1084D00000BD0DF1080C00909CE80F00FFF798F923
:1084E000E2E70000FB21E93F0000F07F2DE9F041C9
:1084F00006460F4600F052FC04000D4618BF01204E
:10850000284320F00040C0F17F6000F1E040C00F40
:108510000ED0301C18BF0120384320F00040C0F1BD
:108520007F6000F1E040C00F04BF0120F7F75DFF5E
:1085300020462946BDE8F08110B586B004460121E9
:1085400044F20400FBF7C8FF4FF40070ADF81400CC
:1085500003208DF8160018208DF8170005A91C4877
:10856000FAF766FC4FF48060ADF8140004208DF833
:10857000170005A91648FAF75BFC25208DF80000C6
:1085800002208DF801008DF8020001208DF8030013
:108590006846FBF7CDFC01940020ADF80800ADF86B
:1085A0000A00ADF80C00ADF810000C20ADF80E007C
:1085B00001A90848FEF700F8012240F225510548BC
:1085C000FDF7D4FF01210348FDF7C4FF06B010BD3D
:1085D000000801400038014010B591EA030F48BF80
:1085E00083F0004300F1C884841A71EB030C05D2B8
:1085F000121943EB0C03001B61EB0C01DFF824E1C3
:108600004FEA1154A4EB135C1EEA430F18BF9EEA15
:10861000445F73D023EA0E03DCF1200E21EA0451FB
:1086200043F4801332D322FA0CFE10EB0E0023FA2F
:108630000CFE41EB0E01CCF1200E03FA0EFE10EB06
:108640000E0051F10001B1F5801FCCF1200E32D2A5
:1086500001EB045112FA0EF2BDE8104058BF70470A
:10866000401C38BF5FEA420218BF7047002814BFA1
:1086700020F0010041F100014FEA410313F5001F12
:1086800038BF7047A1F1C04100F076BB012A43EB2F
:108690000302ACF1200CDCF11F0E32BF4FF0000ED4
:1086A00023FA0CF310EB030041EB0451B4EB115F20
:1086B000D0D0A1EB045101F5801149085FEA3000E8
:1086C00001EB04510ED350F1000038BF12FA0EFE38
:1086D00008D1BDE81040C9E7401C38BF5FEA42023C
:1086E000CAD1C3E7BDE810404FEA410313F5001FAC
:1086F00038BF7047A1F1C04100F03EBB9EEA445F25
:1087000008D011EA5E0FBDE8104004BF01F000413F
:1087100000207047BDE8104070B500F0DFFA00BFE0
:1087200064FBBE3E0000E0FF02494FF0000000F095
:1087300090BF00BF0000F87F491058BFC1F1404111
:108740005B1058BFC3F140438B42EFF3008070478A
:108750002DE9C04130B4DFF8A0C23CEA111418BFC3
:108760003CEA131400F0EC8081EA03051CEA1114C2
:1087700044EAD57418BF1CEA131500F0C780A4EBB7
:1087800005044FF0004545EAC12145EAC32341EA0B
:10879000505143EA525304F17F74994204F5003476
:1087A0004FEAC0204FEAC22208BF904200F09C80EE
:1087B0004FEA13650FF24016765D4FEA134506FB4C
:1087C00005F7C7F1807706FB07F74FEAD737A7FB16
:1087D00003687642C8F58038A7FB06CE38BFA8F1FB
:1087E000010807FB08E64FF0000EA6FB028CE6FB33
:1087F00003CEDCF1000CCEF1004E38BFAEF1010E1D
:10880000A6FB0C584FF000074FF00005E6FB0E8763
:10881000A1FB08C6A0FB07CE16EB0E0645F100052E
:10882000E1FB076515F1E04E7EBFA4F580345FEAF9
:1088300046066D4116F1800745F100054FEA1727FE
:108840004FEA066647EA0567A6F1DE46B6F1805FA5
:108850004FEA15251FD9384624F0010C05EBC471E9
:10886000BCF1FE6F01EB0C1102D8F0BCBDE8008139
:1088700024425CBF01F5801E9EEAC47F02D4F0BC96
:10888000BDE80081244238D4F0BCA1F1C041BDE86C
:10889000004100F071BA4FEAD22242EA43524FEA55
:1088A000D323A7FB02864FEAD02040EA415007FBC2
:1088B00003661EEA0E0F4FEAD12105FB026658BF80
:1088C000A6EB0056B6EB00564FEA520E4EEAC37EB8
:1088D00018EB0E0E56EB530EBDD518EB02085E4199
:1088E0007F1C55F10005B6E74FF480154FF00007E7
:1088F0004FF000064FF00008ADE7F0BC4FF000006D
:1089000001F1C04101F00041BDE8008111EA0C1FF6
:108910000CEA131500D00CE013EA0C1F00F02580C0
:108920004FF00000F0BC81EA030101F00041BDE816
:108930000081F0BCBDE8004181EA030100F01CBAEF
:10894000F0BCBDE8004170B500F0C8F9097EFC3EFE
:1089500000F007B881EA03014FF0000001F0004188
:10896000704781EA030100F007BAF0BCBDE800419E
:108970004FF0000021497047FFFDFBF9F7F5F4F2D5
:10898000F0EEEDEBE9E8E6E4E3E1E0DEDDDBDAD8AA
:10899000D7D5D4D3D1D0CFCDCCCBCAC8C7C6C5C408
:1089A000C2C1C0BFBEBDBCBBBAB9B8B7B6B5B4B31F
:1089B000B2B1B0AFAEADACABAAA9A8A8A7A6A5A40A
:1089C000A3A3A2A1A09F9F9E9D9C9C9B9A999998CE
:1089D0009797969595949393929191908F8F8E8E71
:1089E0008D8C8C8B8B8A89898888878786858584FE
:1089F00084838382828181800000FF070000F87FEA
:108A000051EA030C17D41CF5801F58BFBCF5801F1A
:108A100000F10680994218BF704708BF9042704726
:108A200007D711F5801F58BF13F5801F19D499423D
:108A30007047894270471CF5801F08D5BCF5801F20
:108A4000F7D58B4218BF704708BF824270474FF47A
:108A5000001C1CEB410F38BF1CEB430F01D28B42B3
:108A6000704770B500F03AF9922449004FF0005178
:108A70004FF08053FFF760BE4FEA41034FEA535374
:108A8000A3F58063D3F11E03C8BFD3F1210C0CDD25
:108A90004FF0004242EAC12242EA505232FA03FC4D
:108AA0008CEAE17CACEBE1707047102BC4BF002076
:108AB000704703F5787CBCF1FF3F04D06FF00042B3
:108AC00082EA2100704770B500F008F949922480CD
:108AD00000207047F2E700004FEA1153A3F58063CE
:108AE000D3F11E03A8BFD3F1200C08DB4FF00042E6
:108AF00042EAC12252EA505232FA03F07047094268
:108B00000BD4102BC4BF0020704703F5787CBCF158
:108B1000FF3F05D04FF0FF3070474FF00000704727
:108B200070B500F0DBF800BF499224800020704748
:108B3000F0E710F0004248BF4042B0FA80F310FA6C
:108B400003F10AD0C3F11D0303F580634FEA4150DE
:108B500002EB035202EBD12170474FF00000704747
:108B6000B0FA80F310FA03F10AD0C3F11D0303F544
:108B700080634FEA41504FEA035202EBD121704724
:108B80004FF0000070470000DFF848C170B51CEAE4
:108B9000111E1EBF1CEA13159EEA0C0F95EA0C0F5E
:108BA00000F06F8081EA030423EA4C134EEAD47E7E
:108BB00021EA4C1141F4801143F48013AE44A1FB2F
:108BC000024CA0FB0365AEF17F7E361955EB0C0518
:108BD000A1FB034C4CF10003A0FB021C16EB0C069E
:108BE000654153F10003094218BF46F0010613F432
:108BF000007F0BD14FEA03314FEA0530340341EADD
:108C0000155140EA16506FF003020AE04FEAC32103
:108C10004FEAC520F40241EA555140EA56506FF040
:108C2000020202EB2E4201EB025585EACE710AD018
:108C30005FEA440C18BF24F0004450F1000041F1F9
:108C4000000120EAD47040F2FE7C624500D270BD83
:108C5000A84214BF4FF080444FF04044002E08BF9C
:108C60000024BEF1806FA8BFA1F1C041BDE87040F3
:108C700080F282804FF0000001F1C04101F000411C
:108C800070479EEA0C0F0CEA131518BF95EA0C0FFB
:108C900006D04FF0000081EA030E0EF0004170BDD7
:108CA00000F01CF88900013E00F007B800F009B898
:108CB0004FEA430C5FEA5C5C08D081EA030100F0F4
:108CC0005BB84FEA410C5FEA5C5CF6D14FF0000004
:108CD000014970470000FF070000F87F0EF1020E07
:108CE0002EF0030E5EF8046B364205D4012A43EBE6
:108CF000030515F5001F12D8012841EB010C1CF5E6
:108D0000001F0CD80ED14FEAD17C15F5001F0CEBDB
:108D10004C0C0CF1020C08BF4CEBD37C04E04FF080
:108D2000080C01E04FEAD37C0CEB4C0526FA05F663
:108D300006F00706B6F1040C06D20EEB860CBDE871
:108D400070404CF0010C6047DFE80CF0090B0202A8
:108D50004FF000414FF00000A1F5002170BD194611
:108D60001046012851EB010418BFD4F5001484BF4C
:108D7000002001F0004170BD0808A0F500114FEA85
:108D80003101704791EA030F10B581F000413FF5C2
:108D90002BAC83F0004300F0EFB800002DE9F04168
:108DA00001F5801CBCF5001FC0F2C3804FEA115CC6
:108DB00021EA0C510CF1FD0C41F480115FEA5C0CCE
:108DC0000CF5C07C01D3400049413DA4890241EA31
:108DD000905187028E0E0A0CA45D04FB04F602FB80
:108DE00006F6C6F14046A4FB0662F60D46EA4226A8
:108DF00006FB06F4A4FB01235242C3F1404338BFF3
:108E00005B1EA6FB02420024E6FB0324D20B42EACF
:108E10004446A6FB0623A1FB02E2A3FB07E4A41839
:108E20004FF0000252F10002E3FB01426442C2F142
:108E3000404E38BFAEF1010EA6FB04234FF00002F6
:108E4000E6FB0E32A2FB03464FF00004B61954F1C4
:108E50000004E2FB0264A1FB06E6A4FB07E816EBB4
:108E600008064FF0000858F10008E4FB016876425C
:108E7000C8F1405838BFA8F10108A2FB06E4A3FBE3
:108E800008E52D194FF0000454F10004E2FB0854EA
:108E9000A1FB05E6A7FB04E818EB06084FF0000667
:108EA00056F10006E1FB048618F1200556F1000694
:108EB000A809A8F11B08B10908F03F08B8F10A0F8A
:108EC00040EA86601CD901EB0C51BDE8F08100BF7F
:108ED000FCF5EEE8E2DDD8D3CFCBC7C3C0BDB9B651
:108EE000B4B1AEACA9A7A5A3A19F9D9B9A98969556
:108EF0009392908F8D8C8B898887868584838281DD
:108F0000A0FB006800FB01F208EB4208B8EB8728E1
:108F100007D5341858EB0104D5D5401C51F1000198
:108F2000D1E7341A78EB0104CDD4401E71F1000171
:108F3000C9E75FEA4C0C5FEA9C5C0DD105D34FF0AA
:108F4000000001F00041BDE8F081BDE8F04170B5DE
:108F5000FFF7C4FE6DDBFFBEBDE8F0414FF000003F
:108F6000004970470000F87F10B591EA030F48BF31
:108F700083F000433FF538AB841A71EB030C07D242
:108F800012198CF0004C43EB0C03001B61EB0C013D
:108F9000DFF8A4E14FEA1154A4EB135C1EEA430F7F
:108FA00018BF9EEA445F00F0B08023EA6E0352428D
:108FB00021EA0451C3EB6E0338BF5B1EDCF1200EC7
:108FC00025D322FA0CFE10EB0E0043FA0CFE41EB07
:108FD0000E01CCF1200E03FA0EFE10EB0E0051F143
:108FE0000001CCF1200E29D412FA0EF201EB04514B
:108FF000BDE8104058BF7047401C1CBFB2F1004F85
:10900000704700280CBF491C20F00100704712EB8C
:10901000020E43EB030218BF4FF0010E4EEA42026C
:10902000ACF1200CDCF11E0E54D943FA0CFE10EB0F
:109030000E0051F1FF31CCF11E0ED5D50EF1010E0F
:1090400012FA0EFE404141EB010101EB445C5FEA84
:109050005C5C10D910EBDE7001EB045138BFBEF13F
:10906000004FBDE8104018BF704700280CBF491CD6
:1090700020F00100704730D24FEAD42C11F50011D6
:1090800024F400641BD0B1FA81F20B3AA41AA41E96
:10909000D2F12003914030FA03F31943904001EBE1
:1090A000CC71002C01EB0451BDE81040A8BF704703
:1090B00001F1C0414FF0000001F000417047B0FAEB
:1090C00080F310FA03F100D110BDE41A173C4805F3
:1090D000C90AE4E701EB045110BD491001EB04514A
:1090E000BDE810404FEA300002E04FF00001704749
:1090F0004A0008BF0042F8D0B2F5001F28BF7047F1
:1091000001F000414FF0000070479EEA445F07D035
:1091100011EA5E0FBDE8104004BF00210020704737
:10912000BDE8104070B5FFF7D9FD00BF40DFF63E47
:1091300083F00041104670470000E0FF43004FEA13
:10914000D30C4FEA3C0C43401FBF40070CF1605169
:1091500013F0FE4F70471CF0006F03D100200CF09D
:10916000004170470CF0004343EA507010B540EAEC
:10917000CC0000F04BF900BF000000924FEA000164
:10918000FFF7FABD4FF000414FF00000A1F50021BC
:109190007047000090EA010F48BF81F0004100F1E4
:1091A0008881421A3CBF801A89184FEAD0524FF08A
:1091B0007F4C1CEA410FA2EBD15318BF9CEA026F0F
:1091C00000F03B804FF0004C4CEA00204CEA0121BB
:1091D00021FA03FC10EB0C0C1ED202F1FF325FEA05
:1091E0001C2040EBC25038BF70471CF07F0F4FEA85
:1091F000400C18BFBCF17F4F38BF7047C3F120034C
:10920000994008BF20F00100BCF17F4F38BF704784
:10921000A0F1C04000F040B94FEA3C00000A40EB2A
:10922000C25028BF1CF0FF0F4FEA400CE6D018BF19
:10923000BCF17F4F38BF7047EAE79CEA026F05D068
:1092400010EA5C0F08BF00F00040704710B500F056
:10925000DDF800BF64FBBE3E4FF47F0C1CEAD01269
:109260001EBF1CEAD11392EA0C0F93EA0C0F00F018
:10927000858090EA010F48BF42F4807240F4000CF0
:1092800041F400002CF07F4120F07F4000B5814286
:10929000A2EB03020FF2081CACEB504EC0F1000031
:1092A0009EF800E04FEA4E0E00FB0EFC38BF49006E
:1092B0004FEA2C1C02F5FA020CFB0EF34FEACE1E0D
:1092C0004FEA112C4FEAC1210EEB635E42EB2242C2
:1092D0000EFB0CFC4FEA1C5300FB03114FEA112C50
:1092E0004FEA01310EFB0CFC4FEADC4C00FB0C1189
:1092F000C14228BF09184CEB03335DF804EB10EBB7
:10930000410143EBC250B2F57C0F38BF704729D5FD
:1093100012F0F00F1CBF00F1C04000F00040704799
:10932000008182838485868788898B8C8D8E8F913E
:109330009293959697999A9C9D9FA0A2A3A5A7A862
:10934000AAACAEB0B2B3B5B7B9BCBEC0C2C5C7C98E
:10935000CCCED1D4D7D9DCDFE2E6E9ECF0F3F7FAF2
:10936000FE0000004FEA400C0CF1807CBCF17E4F07
:1093700028BF7047B0F1C04000F08EB890EA010FEE
:109380000CEAD11348BF42F48072624538BF63458E
:1093900007D213F47F0F16D080EA010000F00040DE
:1093A000704710B500F032F8097EFC3E00F005B8B9
:1093B00080EA010000F00040704780EA010000F000
:1093C000004000F069B812F47F0F04BF02487047F4
:1093D00080EA010000F060B80000C07F10F000419A
:1093E00048BF4042B0FA80F310FA03F2C3F19D0384
:1093F0000BD051EAC35101EB1220530638BF70471E
:1094000000F1010008BF20F0010070470EF1020ECC
:109410002EF0030E5EF8044B244204D44FEA4102BE
:10942000B2F17F4F11D84FEA4003B3F17F4F0CD810
:109430000ED14FEAD07CB2F17F4F0CEB4C0C0CF10B
:10944000020C08BF4CEBD17C04E04FF0080C01E0AB
:109450004FEAD17C0CEB4C0324FA03F404F007042C
:10946000B4F1040C06D20EEB840CBDE810404CF0B5
:10947000010C6047DFE80CF0070802024FF00040E3
:10948000A0F5800010BD0846420018BFD2F18072DE
:1094900088BF00F0004010BDFF2141EAD050C00558
:1094A0007047000090EA010F48BF81F000413FF58E
:1094B00078AE421A04D882F00042A0EB02001144B8
:1094C0004FEAD0524FF07F4C1CEA410FA2EBD15330
:1094D00018BF9CEA026F4AD04FF0004C4CEA0020C3
:1094E0004CEA012121FA03FCB0EB0C0C0FD412F072
:1094F000FE0F36D05FEA4C001DD5001240EBC25083
:1095000038BF70471CF03F0F18BF70470BE0A2F147
:1095100001025FEA1C2040EBC25038BF70471CF0CC
:109520007F0F18BF7047C3F12003994014BF401E3E
:1095300020F00100704780084FEA122308BF7047EF
:10954000B0FA80FCA2EB0C02CCF1280C60FA0CF013
:1095500093EA122F04BF00EBC25070474FEAC3706A
:109560007047130A5FEADC1008BF7047F6E79CEA11
:10957000026F04D010EA5C0F08BF0020704710B5DE
:10958000FFF744FF40DFF63E81F0004070470000E7
:109590004FEAC1230A1543EA50534FEAC02C18BFC3
:1095A00043F000431BD4A2F24E02D2F57C7240F38A
:1095B0004280502AA8BF502223FA02F12CFA02F06E
:1095C000D2F1200260B403FA02F588BF2843C2F149
:1095D000000223FA02F598BF284360BC704702F5E9
:1095E0007C7212F5826F08BF23F00043D2F12E0285
:1095F00021DB1AD0502AA8BF502223FA02F12CFAFC
:1096000002F0D2F1200260B403FA02F588BF2843C9
:10961000C2F1000223FA02F598BF284360BC404221
:10962000C1F1000138BF491E70479CF0000F08BF10
:1096300093F0004FDED070B5FFF750FB92244980C5
:1096400000214FF0000070476FEAE17080F00041A8
:1096500070470CF00F03092B08BF082000F0598059
:109660000A2B0BD0082B18BF704708BF1CF0400F07
:109670000AD04FF000004FF0000170471CF0400F7F
:1096800018BF4FF0004070471CF0100F08D020F0BA
:10969000704300F07F4242EAD3014FEA43707047C3
:1096A00000F0604021F07F4242EA000201F07F407A
:1096B00040EA727070474FF0FF0C4CF4E06C1CEA0B
:1096C00011531CBF9CEA030C9445C2BFDA4201EB64
:1096D00002517047002B0DD0BCF1000F0FD0002AB3
:1096E00001F00041A4BF41F0E04141F07F614FF043
:1096F0000000704701F000414FF00000704750EA51
:1097000001334FF09B0C18BF4CF0806C7FF40CA819
:1097100070471CF4801F11D01CF4E02F03D06FEAB7
:10972000CC31490070474FF04050EFF3008222F0F7
:10973000704242EA000282F3008870474FF0000056
:109740007047000000000000000010101010001012
:109750000000282828000000000028287C287C28F9
:109760002800C0C0182420202418004C2C100860A9
:109770006000304850205448340030102000000071
:1097800000000810202020100800201008080810F1
:10979000200000105438541000000010107C1010ED
:1097A00000000000000000180810000000007C000D
:1097B00000000000000000303000000408102040CD
:1097C000000038444C54644438001030101010101D
:1097D00038003844040810207C007C081008044439
:1097E0003800081828487C0808007C4078040444A5
:1097F000380018204078444438007C0408102020A9
:10980000200038444438444438003844443C040878
:1098100030000030300030300000003030003010B8
:109820002000081020402010080000007C007C0070
:10983000000020100804081020003844040810001C
:109840001000384404345C443800102844447C44FC
:1098500044007844447844447800384440404044CC
:10986000380070484444444870007C404078404090
:109870007C007C404078404040003844405C444498
:109880003C004444447C4444440038101010101000
:1098900038001C0808080848300044485060504808
:1098A00044004040404040407C00446C5454444498
:1098B0004400444464544C444400384444444444C4
:1098C0003800784444784040400038444444544888
:1098D000340078444478504844003C404038040404
:1098E00078007C101010101010004444444444448C
:1098F00038004444444444281000444444545454DC
:1099000028004444281028444400444444281010AB
:1099100010007C04081020407C0000000408142083
:1099200044FC00402010080400004080000000803B
:1099300000FC1028440000000000000000000000AF
:109940007C002010080000000000000038043C44A7
:109950003C00404058644444780000003840404493
:1099600038000404344C44443C00000038447C403B
:109970003800382420702020200000003C44443C63
:109980000438404058644444440010003010101023
:109990003800080018080808483040404850605017
:1099A0004800301010101010380000006854544463
:1099B00044000000586444444400000038444444D7
:1099C000380000005864645840400000344C4C3467
:1099D0000404000058644040400000003C4038044B
:1099E0007800202070202024180000004444444CBB
:1099F00034000000444444281000000044445454FF
:109A00002800000044281028440000004444443C3E
:109A1000043800007C0810207C001020204020200A
:109A2000100000101010101010002010100810105E
:109A3000200000000020540800000000000000008A
:109A400000000000000000000000000000181818CE
:109A500018181818000018180000001236244800C2
:109A6000000000000000000000000000002424248A
:109A7000FE484848FE48484800000000103854544A
:109A800050301C1414545438101000000044A4A882
:109A9000A8A8541A2A2A2A44000000000030484886
:109AA00048506EA494888976000000606020C00051
:109AB0000000000000000000000000020408081080
:109AC00010101010100808040200004020101008A8
:109AD00008080808081010204000000000001010BE
:109AE000D63838D61010000000000000000010101A
:109AF0001010FE1010101000000000000000000008
:109B0000000000000000606020C0000000000000B5
:109B100000007F00000000000000000000000000C6
:109B2000000000000000606000000000010202046C
:109B300004080810102020404000000000182442B3
:109B400042424242424224180000000000107010BD
:109B5000101010101010107C00000000003C424259
:109B6000420404081020427E00000000003C4242F3
:109B700004180402024244380000000000040C14DF
:109B8000242444447E04041E00000000007E404063
:109B9000405864020242443800000000001C244087
:109BA000405864424242241800000000007E4244B3
:109BB000080810101010101000000000003C424275
:109BC000422418244242423C000000000018244273
:109BD0004242261A02022438000000000000000061
:109BE0001818000000001818000000000000000015
:109BF00018180000001818083000000000020408BF
:109C000010204020100804020000000000000000A6
:109C1000FE000000FE0000000000000000402010D8
:109C2000080402040810204000000000003C4242EA
:109C30006202040808001818000000000038445AA6
:109C4000AAAAAAAAB44244380000000000101018C2
:109C50002828243C444242E70000000000F8444425
:109C600044784442424244F800000000E0A0EE1173
:109C700020202020202020110E00000000F8444267
:109C800042424242424244F80000000000FE424884
:109C900048784848404242FE0000000000FE42482A
:109CA00048784848404040E000000000003C444400
:109CB0008080808E844444380000000000E74242E7
:109CC00042427E42424242E700000000007C101007
:109CD000101010101010107C00000000003E08084A
:109CE000080808080808080888F0000000EE444842
:109CF00050705048484444EE0000000000E04040EE
:109D000040404040404042FE0000000000EE6C6CCD
:109D10006C6C5454545454D60000000000C7626266
:109D200052524A4A4A4646E2000000000038448245
:109D300082828282828244380000000000FC42421B
:109D400042427C40404040E0000000000038448235
:109D500082828282B2CA4C380600000000F8444475
:109D600044784848444442E300000000003E424238
:109D7000402018040242427C0000000000FE9210C5
:109D800010101010101010380000000000E74242C0
:109D9000424242424242423C0000000000E742424E
:109DA00044242428281810100000000000D69292A5
:109DB0009292AAAA6C4444440000000000E74224A6
:109DC00024181818242442E70000000000EE444440
:109DD000282810101010103800000000007E8404A5
:109DE00008081020204242FC0000001E1010101035
:109DF00010101010101010101E0000004040202005
:109E00001010080404020202010100780808080882
:109E1000080808080808080878000008142200004C
:109E20000000000000000000000000000000000032
:109E3000000000000000000000FF006010000000B3
:109E40000000000000000000000000000000000012
:109E5000003C421E2242423F0000000000C0404041
:109E60004058644242426458000000000000000074
:109E7000001C22404040221C00000000000602029C
:109E8000021E22424242261B000000000000000089
:109E9000003C427E4040423C00000000000F111098
:109EA000107E10101010107C000000000000000058
:109EB000003E444438403C42423C000000C0404028
:109EC000405C6242424242E7000000000030300045
:109ED000007010101010107C00000000000C0C002E
:109EE000001C0404040404044478000000C0404042
:109EF000404E4850684844EE0000000000701010CA
:109F0000101010101010107C000000000000000065
:109F100000F64949494949ED0000000000000000F1
:109F200000DC6242424242E7000000000000000004
:109F3000003C42424242423C00000000000000005F
:109F400000D864424242645840E000000000000033
:109F5000001E22424242261A0207000000000000B2
:109F600000EE3220202020F8000000000000000059
:109F7000003E42403C02427C000000000000001015
:109F8000107C10101010100C0000000000000000E9
:109F900000C642424242463B000000000000000072
:109FA00000E74224242810100000000000000000F8
:109FB00000D79292AAAA44440000000000000000CA
:109FC000006E24181818247600000000000000001D
:109FD00000E742242428181010E0000000000000D0
:109FE000007E44081010227E0000000304040404D4
:109FF000040804040404040403000808080808080A
:10A000000808080808080808080800601010101060
:10A010001008101010101010600000000000000068
:10A0200020520C00000000000000000000000000B2
:10A030000000000000000000000000000000000020
:10A0400000000000000020202020202020202020D0
:10A0500020202000002020000000000028282828C0
:10A060002828280000000000000000000000000078
:10A070000000000000000404040909097F12121204
:10A080007F121212242424000000000008083C2A39
:10A090004A4A4848683C1A0909098989C96A3C083A
:10A0A0000800000000003824424242422419010204
:10A0B00002040404080810000000000000000E1153
:10A0C0001111111A0C1C14222221212021131E000F
:10A0D00000000000202020202020200000000000A0
:10A0E0000000000000000000000000080810101030
:10A0F00010202020202020202020202010101010B0
:10A1000008000040404020202010101010101010B7
:10A11000101010102020204040000000000000001F
:10A1200000000808083F1C14142200000000000072
:10A130000000000000000000000808080808FF08F0
:10A1400008080808000000000000000000000000EF
:10A15000000000000000000000000000002020209F
:10A1600020200000000000000000000000007F0030
:10A1700000000000000000000000000000000000DF
:10A18000000000000000000000000000002020008F
:10A190000000000000040808080808101010102033
:10A1A00020202020404040400000000000001C22F1
:10A1B00022414141414141414141414122221C0052
:10A1C00000000000000008080838480808080808CF
:10A1D00008080808080808000000000000001C2209
:10A1E000414141010103060C1C10206040407F00EA
:10A1F0000000000000001C2241414101030E020149
:10A200000101414141221C00000000000000020643
:10A21000060A0A1212122222427F020202020200DF
:10A220000000000000003F3F202020405C62410110
:10A230000101414141621C000000000000001E328B
:10A24000212140405C6263414141414121221C0087
:10A250000000000000007F0103020204040408085B
:10A2600008080810101010000000000000001C2258
:10A2700041414141633E22414141414143221C0051
:10A280000000000000001C22424141414141632383
:10A290001D01014242243C000000000000000000BB
:10A2A000202000000000000000002020000000002E
:10A2B000000000000000000020200000000000005E
:10A2C00000002020202020000000000000000000EE
:10A2D0000103060C30604020180C0601000000004D
:10A2E00000000000000000000000007F00000000EF
:10A2F0007F000000000000000000000000000000DF
:10A300006030180C03010001060C1820400000000A
:10A310000000000000001E23414141010302040C23
:10A3200008080800000808000000000003040810E6
:10A330003020214242444444444446232010100C1F
:10A340000300000000000C0C0C0A12121211212153
:10A350003F404040404080000000000000003F219E
:10A360002020202020213F202020202020203F00CE
:10A370000000000000000F102020404040404040FE
:10A380004040602020100F000000000000003F202F
:10A3900020202020202020202020202020203F00BE
:10A3A0000000000000003F202020202020203F202F
:10A3B0002020202020203F000000000000003F203F
:10A3C0002020202020203F2020202020202020008E
:10A3D0000000000000000F1020204040404040419D
:10A3E0004040202030180F00000000000000202016
:10A3F0002020202020203F2020202020202020005E
:10A40000000000000000202020202020202020200C
:10A410002020202020202000000000000000020258
:10A4200002020202020202020202424242643C00B2
:10A4300000000000000040414342444C485878640A
:10A440004642414140404000000000000000202002
:10A4500020202020202020202020202020203F00FD
:10A460000000000000002030303030282828282943
:10A47000252525252622220000000000000020308E
:10A48000303828282424262222212121202020009F
:10A490000000000000000F102020404040404040DD
:10A4A0004040402020100F000000000000003E212E
:10A4B0002020202020213E2020202020202020009D
:10A4C0000000000000000F1020206040404040408D
:10A4D0004040602321110F000000000000003F20D9
:10A4E0002020202020203F2120202020202020006C
:10A4F0000000000000001E2341414140703C0F035A
:10A500000000404060211E00000000000000FF0825
:10A5100008080808080808080808080808080800C3
:10A5200000000000000020202020202020202020EB
:10A530002020202010100F000000000000008040AC
:10A540004041412121212232121214140C0C0C0022
:10A55000000000000000C34343434242242424245B
:10A560002438181818181800000000000000414195
:10A57000632222141408081C141422226341C1000F
:10A58000000000000000804141232222141408082A
:10A5900008080808080808000000000000007F0004
:10A5A0000101030206040C081810302060407F00EF
:10A5B0000000001C101010101010101010101010BF
:10A5C00010101010101010101C00000000002121AD
:10A5D000212222227F1212141414140C0C080800D9
:10A5E00000000038080808080808080808080808D3
:10A5F0000808080808080808380000000C0C122198
:10A6000021400000000000000000000000000000E9
:10A61000000000000000000000000000000000003A
:10A6200000000000000000FF0000000000402020AB
:10A6300020000000000000000000000000000000FA
:10A6400000000000000000000000003E6341010126
:10A650001F21414143633D000000000000004040D5
:10A660004040405E736140404040404061735E0046
:10A6700000000000000000000000001C22214140FA
:10A680004040404121221C00000000000000010168
:10A690000101011D232341414141414123231D006B
:10A6A00000000000000000000000001C22214141C9
:10A6B0007F40404121221C000000000000001820C3
:10A6C0002020207820202020202020202020200052
:10A6D00000000000000000000000001D2323414195
:10A6E0004141414123231D41623C000000004040A4
:10A6F0004040405E6361414141414141414141002F
:10A700000000000000004040000000404040404089
:10A7100040404040404040000000000000004040F9
:10A7200000004040404040404040404040404040A9
:10A7300040C000000000404040404042444C48506F
:10A740006868444444424200000000000000404069
:10A750004040404040404040404040404040400039
:10A7600000000000000000000000005C6742424260
:10A77000424242424242420000000000000000000B
:10A780000000005E6341414141414141414141007E
:10A7900000000000000000000000001E33214040C7
:10A7A0004040404021331E00000000000000000037
:10A7B0000000005E736140404040404061735E4075
:10A7C00040400000000000000000001D2323414124
:10A7D0004141414123231D0101010000000000000F
:10A7E0000000005860404040404040404040400031
:10A7F00000000000000000000000003C46424060F5
:10A800001806024242263C00000000000000002022
:10A8100020202078202020202020202020203800E8
:10A8200000000000000000000000004141414141E3
:10A830004141414143633D00000000000000000031
:10A8400000000082424244442424282818181000A2
:10A8500000000000000000000000008446464A4A54
:10A860004A292929311110000000000000000000D1
:10A870000000004244242C181818282424464200C2
:10A88000000000000000000000000082424244443A
:10A890002424281818101010306000000000000058
:10A8A000000000FE06040C081010202040C0FE002E
:10A8B0000000000C1010101010101010102060304C
:10A8C00010101010101010100C00000808080808D4
:10A8D00008080808080808080808080808080808F8
:10A8E0000800003008080808080808080804060CD2
:10A8F00008080808080808083000000000000000E8
:10A9000000000000001C62010000000000000000C8
:10A910000000000000000000000000000000000037
:10A920000000BDC7080008001FE020204040BFF81D
:10A93000210821083FF8210821083FF82108410893
:10A9400041288010B6C8010000803FFE222022204E
:10A950003FFC2220222023E020002FF02410422060
:10A9600041C08630380ECEC2000023F8120812080B
:10A9700083F84208420813F8100027FCE4A424A43A
:10A9800024A424A42FFE0000BFC608101D10F090C0
:10A9900010901010FD10109038903410501E53F08D
:10A9A00090101010101010101010C8F0002002228B
:10A9B000FA22222223FE200027FEF820204023FE38
:10A9C00022523A52E252425202520206B5E70100C6
:10A9D000010001003FF82108210821083FF8210863
:10A9E000210821083FF8210A0102010200FED7D305
:10A9F00000007FF800100020004001800100FFFEF1
:10AA00000100010001000100010001000500020039
:10AA1000BCBC10201020102013FEFC2010201020A1
:10AA200015FC18843088D0481050102010505188E0
:10AA30002606CAF501000120011001107FFC0380E9
:10AA40000540054009201110210841048102010040
:10AA500001000100CFB500F83F00040008201040BD
:10AA60003F800100061018087FFC01040920111026
:10AA7000210845040200CDB310401020202023FE01
:10AA80004840F888110423FE4092F89040900090CE
:10AA90001912E112420E0400C9E8000021F0111061
:10AAA00011100110020EF40013F81108111010908B
:10AAB00014A0184010A003180C06D6C37FFC444411
:10AAC0007FFC01007FFC01001FF010101FF0101030
:10AAD0001FF010101FF01010FFFE0000D2F4020053
:10AAE00001003FF8000008200440FFFE00001FF0B6
:10AAF000101010101FF0101010101FF01010C1BF18
:10AB000000001FF010101FF01010FFFE00001FF0DB
:10AB100011101FF011101FF001001FF001007FFC49
:10AB2000D1D5100008FE7F102220147C7F444454AD
:10AB3000485452544454485451544228442488425E
:10AB40003082C9AB080008001FE020204040BFF859
:10AB50002108210821083FF82000200220022002BD
:10AB60001FFE0000CDF800007FFC400440044214AA
:10AB700052944A54442444244A544A5452946104FA
:10AB8000400440144008C2E71080108020F82108DB
:10AB90004B10FCA0104020A04118FA0645F801080F
:10ABA0001908E10841F80108A6B200003FF01010B2
:10ABB0000810040002000100020004000810101038
:10ABC0003FF00000000000000000C9E8000021F094
:10ABD000111011100110020EF40013F811081110D9
:10ABE000109014A0184010A003180C06D6C37FFCC8
:10ABF00044447FFC01007FFC01001FF010101FF097
:10AC000010101FF010101FF01010FFFE0000D5FDF7
:10AC100000007FFC0100010001000100110011F89B
:10AC2000110011001100110011001100FFFE0000C1
:10AC3000CFF20200040008007FFC4004400447C437
:10AC4000444444444444444447C4444440044014B9
:10AC50004008B2CE0200044008201FF002007FFC32
:10AC6000082010902308CC4601800610182000C050
:10AC700007007800CAFD082049202A20083EFF442A
:10AC80002A44494488A41028FE282210421064282F
:10AC900018283444C282B7B4001000F83F002000E6
:10ACA00020003FF824082410221022202140208078
:10ACB000414042208C183006C1BF00001FF0101028
:10ACC0001FF01010FFFE00001FF011101FF01110F8
:10ACD0001FF001001FF001007FFCB3CC08001DFC39
:10ACE000F10411041104FDFC1000300039FE542061
:10ACF000542091FC1020102013FE1000C1E33FF8F7
:10AD000001007FFE41029D7401001D7002800C60F5
:10AD10003218C1061FE00020064001800040B5E364
:10AD200002000200020003FC020002003FF02010BB
:10AD3000201020103FF00000248822444244800468
:10AD4000C7D01000100011FC104410441E44F04401
:10AD5000104410441244144418841084010402283E
:10AD60000410B3FD0040784048A05110520865F629
:10AD7000504048404FFC48406A5052484444484480
:10AD800041404080D0DE1080108011F821082A90C8
:10AD90006C60A9982E2628C02B10282028C82B10BC
:10ADA000206021802600CFB500F83F000400082075
:10ADB00010403F800100061018087FFC01040920A4
:10ADC0001110210845040200C7E50040204017FC8F
:10ADD000104083F8404047FE100013F82208E3F8C3
:10ADE000220823F8220822280210C0DB00003FF8C6
:10ADF00021083FF821083FF8020004201FC001800D
:10AE000006103FF80108112025104208BCC600407A
:10AE100020401040104000400040F7FE104010401D
:10AE20001040104010401440184010400040C1F73E
:10AE30000080204017FE10808110420847FC10045B
:10AE400010002248E24822482248224A244A084662
:10AE5000CBD90040204017FC104003F80248F248CC
:10AE600013F810E01150124814441040280047FE17
:10AE70000000B2EE082004407FFC010001003FF812
:10AE800002000200FFFE0400080017F82080408046
:10AE900080801FFCD1B900003FFE20002080208070
:10AEA000208020802FFC20802080209020882088F7
:10AEB00040805FFE8000A3BA000000000000000098
:10AEC0000000000000000000000030003000000022
:10AED0003000300000000000D4DA0200020004005C
:10AEE000FFFE080008401040304057FC90401040E2
:10AEF0001040104010401FFE1000B3D6102010204C
:10AF0000102011FCFC20102013FE1008180833FE3E
:10AF1000D00810881048100850282010B1A308004D
:10AF20000BF80A081208120833F83040504097FC1A
:10AF300010E0115012481444184210401040C7E568
:10AF40000040204017FC104083F8404047FE1000AE
:10AF500013F82208E3F8220823F822082228021016
:10AF6000CDA8000047F8201021A0004007FCE444D1
:10AF7000244427FC2444244427FC24442454540817
:10AF80008FFED1B6000027F0111011100110011032
:10AF9000F11017D01110111011101112150A190A01
:10AFA00011060102B5D81020102010201120112CFC
:10AFB000FD34116413A41124113411281D22E1223F
:10AFC000410200FE0000D6B71020102010201120F2
:10AFD0001120FD20113C11201120112011201D20D5
:10AFE000E120412007FE0000B2B9104008400040B7
:10AFF0007E400240046008501A482C444A440A40EB
:10B0000008400840084008400840B3A508400A48E6
:10B010000950104017FE3402380451F0900010001F
:10B0200017FC10801110120817FC1204B4ED211047
:10B030002110391027FC41107910AFFE2000FBF8D9
:10B040002208220823F82A08320823F80208CEF33F
:10B05000000043F82208220803F80000E00027FC63
:10B06000204020402FFE204028A0311022080C064E
:10B07000C6F700003E7C224422443E7C01200110A1
:10B08000FFFE02800C603018C0063E7C2244224441
:10B090003E7CCEB40100010001003FF80100010038
:10B0A0000100FFFE03800540092011102108C106A0
:10B0B00001000100D0CE00007F841204120812109B
:10B0C00012221202FFC412081210122212022204CB
:10B0D000220842108260B3C90050004800403FFE81
:10B0E0002040204020443E4422442228222822128C
:10B0F0002A32444A40868102BBD800003FF820082B
:10B10000200827C82448244824482448244827C81D
:10B11000200820083FF820080000C2B700407C400B
:10B120004478448845507C201050108811065CF803
:10B130005088508850885C88E0F80088B4E60400A5
:10B140000400FFFE0800080013F8101030205040E3
:10B1500097FE104010401040104011401080B6CFB4
:10B160000400040455784E4044407F40447E4E48DD
:10B17000554865484448444840487F88008801084D
:10B18000C2B700407C404478448845507C20105031
:10B19000108811065CF85088508850885C88E0F868
:10B1A0000088B9CA1040104010401080FEFE1108FF
:10B1B000128810887C8844504450442044507C8835
:10B1C00045040202D5CF00207DFC448848504BFE48
:10B1D000500049FC490445FC450445FC682053FEE9
:10B1E000402040204020B4AB08400840084013F8FD
:10B1F0001040308037FE5080910013F81008111075
:10B2000010A0104010201020B8D0002800243FFECD
:10B2100020202FA420242FA8289828924FAA404607
:10B22000808201004884481287F2CFDF1050104816
:10B230002040245C45E0F840105E23E04044FC4898
:10B24000403000221C52E08A43060002C4E210088B
:10B25000108810481228FA28120812081A08320812
:10B26000D208121012981324122450422082CAE4E9
:10B27000204020A02110FA0825F6400053C4925423
:10B28000FA5413D41A54F25453D41244125412C818
:10B29000B3F60100010021082108210821083FF828
:10B2A00001080100010041044104410441047FFC04
:10B2B0000004D6F70200010000007FFC010001003D
:10B2C000010001003FF80100010001000100010040
:10B2D000FFFE0000B0E51008101C11E01100FD0099
:10B2E00011FC31443944554455289128111011104E
:10B2F000122812441482C4A31110111017FC11104B
:10B30000FC0013F832083BF8560853F8904017FC3D
:10B3100010A0111012081406BFE910401040104090
:10B3200013FC1044FC441044104413FE104010A0C1
:10B330001CA0E1104208040408028CBF00000000B9
:10B34000006000F001F001E001C00180038007000F
:10B350000700070000000E001E000C00B2E607E028
:10B360001FF8381C781E7C3ECE73C7E3C3C3C3C32B
:10B37000C7E3CE737C3E781E381C1FF807E0DA4323
:10B38000018003C006600C300DB019981998318CFB
:10B39000318C61866006C183C183C003FFFFFFFF5C
:10B3A000ECA93FE07FC2F004E018C030C061C1C327
:10B3B00083830103AC03AA03CA03CE07AC0FAA7EA2
:10B3C000AAFCBCBC000000040000070180060100CC
:10B3D00006010006010006C10C3F3FF00601000611
:10B3E000010006010006FFF80708103E0830260499
:10B3F000200604600602400602C0060180060380A3
:10B40000060C601E103E0CE00C000000CAF50000A7
:10B4100000000000001C000019800018E000186007
:10B4200000182800181C3FFFE0003C00007C0000D2
:10B430005A0000DA000099000119800318C00618AC
:10B440006004183808181E3018084018000018004A
:10B45000001800000000C1F700000000000000001C
:10B460000000400000007000040030000300303095
:10B47000039FFFF801802000010070000000C00061
:10B480000020810020210080184200C01C4FFFE0F6
:10B490000C8700600C84002000844100010631808C
:10B4A000010421800304218002042180060C2180F4
:10B4B0003E0C21800E0C2180060C21880408218876
:10B4C0000C1821880C30210C0C20218E0CC021FC82
:10B4D0000100400000000000C1BF000000000000AB
:10B4E00000000000010001FFFF80018001000180D9
:10B4F000010001FFFF00018001000180010001FF48
:10B50000FF0001800180010000087FFFFFFC0000B8
:10B5100000000000000001FFFF80018181800181A7
:10B52000818001FFFF800181818001818180018113
:10B53000818001FFFF8001818100000180C007FF41
:10B54000FFE00001800000018000000180183FFF43
:10B55000FFFC0000000000000000D2C70000000057
:10B5600000000000004000000070800000E040008B
:10B5700000C0200000C030000180384001801870F9
:10B58000030410E0030400C00382008007820180EE
:10B590000582018009810300198103001180860062
:10B5A000218086004180440001806C0001802800D9
:10B5B000018038000180380001803C000180660075
:10B5C0000180C700018103C0018601F0018C007E6B
:10B5D000019000300160000000000000B1ED0000AB
:10B5E00000000000000000010000000180000001D8
:10B5F0000000000100600FFFFFF0000100000001EB
:10B6000000000001008003FFFFC0000100000001F6
:10B61000000000010010000100383FFFFFFC0006A1
:10B620008080000E80C0001CC18000384300007084
:10B63000640000F0380001B01000063018001C3023
:10B640000C00603007000031C3C0003700FE007CF2
:10B6500000780078001000200000000000000000CA
:10B660004C5555555555A53F7751C1166CC156BF20
:10B670009015CB19A001FA3EAD529C804F7E92BE30
:10B68000C4B1B4BD9EEE213ED43888BEE9FAA8BD4F
:10B6900000004054FB21F93F3163621A61B4D03D90
:10B6A0000000601A61B4D03D7370032E8A19A33B69
:10B6B0000000002E8A19A33BC14920259A837B39BB
:10B6C00000000000000000006E83F9A22915444E1E
:10B6D000D15727FCC0DD34F5999562DB4190433C9E
:10B6E000AB6351FE61C5BBDE3A6E24B7E0D24D427A
:10B6F000EA2E49061C92D1091CEB1DFE3EA729B17A
:10B70000F53582E88444BB2E26709CE9417E5FB407
:10B7100039D69139F43953838B5F849C3B28F9BD2A
:10B72000FF97F81F0F9805DE8B112FEF1F6D0A5A38
:10B73000CF7E366DB709CB27663F464F2DEA5F9E19
:10B74000C7BA27757BF1E5EBF739073DEA92528AD4
:10B75000B15FFB6B085D8D1FA6F810111111813FC1
:10B76000D561C119A0012ABF7DFEB157E31DC73EB7
:10B77000EB9C2B8AE6E55ABE7CD5CF5A3AD9E53DFB
:10B78000A0B70008000000203C0200006C01000887
:10B7900088B800083C020020DC0A0000C80100084C
:10B7A000B108111232332E30392E32362B3332306B
:10B7B0002E303230082C30322E08190F211C203048
:10B7C00030186B3030086918015284A24A0400090D
:10B7D0003C0102030406070809238E01230D031A06
:10B7E0009456231A0623A1071A275223AD0A23339E
:10B7F0000C23B90D233F0F23C410234A1223CF1368
:10B8000023541523DA16235F1823E31923681B2317
:10B81000ED1C23721E23F61F237A2123FF2223838C
:10B8200024230726238B27230E2923932A23162C30
:10B8300023992D231C2F239F3023233223A6332328
:10B84000283523AB36232E381BB0397C223B23B559
:10B850003C1B373E84223F233B4123BD42233E44D1
:10B8600023C04523414723C34823444A0317C54BFC
:10B8700019DC01355A053F2C0203040400091C069B
:08B88000070809020406080094
:040000050800020DE0
:00000001FF
